ลำดับ,หมู่บ้าน,ตำบล,อำเภอ,จังหวัด,ละติจูด (Latitude),ลองจิจูด (Longitude)
1,หมู่ 1 หนองกุ้งใต้,กุดบง,โพนพิสัย,หนองคาย,18.1530615,103.1293452
2,หมู่ 10 กลุ่มพัฒนา,กุดบง,โพนพิสัย,หนองคาย,18.1369769,103.1307866
3,หมู่ 11 นิคมดงบัง,กุดบง,โพนพิสัย,หนองคาย,18.0750264,103.1019629
4,หมู่ 12 โนนฤาษีใหม่,กุดบง,โพนพิสัย,หนองคาย,18.12152,103.14685
5,หมู่ 13 กุดบงใหม่,กุดบง,โพนพิสัย,หนองคาย,18.0878372,103.0846719
6,หมู่ 14 ใหม่ทรายทอง,กุดบง,โพนพิสัย,หนองคาย,18.1186509,103.0803495
7,หมู่ 2 หนองกุ้งเหนือ,กุดบง,โพนพิสัย,หนองคาย,18.1331508,103.1019629
8,หมู่ 3 ใหม่,กุดบง,โพนพิสัย,หนองคาย,18.0951705,103.1048449
9,หมู่ 4 โนน,กุดบง,โพนพิสัย,หนองคาย,18.1032943,103.1134915
10,หมู่ 5 กุดบง,กุดบง,โพนพิสัย,หนองคาย,18.106002,103.1163739
11,หมู่ 6 ดงบัง,กุดบง,โพนพิสัย,หนองคาย,18.0889622,103.1106093
12,หมู่ 7 นาไม้เฮียว,กุดบง,โพนพิสัย,หนองคาย,18.0826824,103.1252859
13,หมู่ 8 โนนฤาษี,กุดบง,โพนพิสัย,หนองคาย,18.1187443,103.142318
14,หมู่ 9 โนนสวรรค์,กุดบง,โพนพิสัย,หนองคาย,18.1199372,103.1250213
15,หมู่ 1 จุมพล,จุมพล,โพนพิสัย,หนองคาย,18.0455081,103.1509672
16,หมู่ 10 ทุ่งธาตุ,จุมพล,โพนพิสัย,หนองคาย,18.0095235,103.1250213
17,หมู่ 11 ปักหมู,จุมพล,โพนพิสัย,หนองคาย,18.0911134,103.2057597
18,หมู่ 12 อยู่ดีมีสุข,จุมพล,โพนพิสัย,หนองคาย,18.06425,103.1482
19,หมู่ 13 จอมทอง,จุมพล,โพนพิสัย,หนองคาย,18.0293245,103.0904353
20,หมู่ 14 ดอนโพธิ์,จุมพล,โพนพิสัย,หนองคาย,18.0209756,103.106286
21,หมู่ 15 เมืองคลัง,จุมพล,โพนพิสัย,หนองคาย,18.0177024,103.0904353
22,หมู่ 16 จอมนางเหนือ,จุมพล,โพนพิสัย,หนองคาย,18.0364898,103.0918762
23,หมู่ 17 โปร่งเย็น,จุมพล,โพนพิสัย,หนองคาย,18.032464,103.1225901
24,หมู่ 18 เตาถ่าน,จุมพล,โพนพิสัย,หนองคาย,18.0152679,103.1682675
25,หมู่ 19 เสริมสุข,จุมพล,โพนพิสัย,หนองคาย,18.0501269,103.1682675
26,หมู่ 2 จอมนาง,จุมพล,โพนพิสัย,หนองคาย,18.0419063,103.0976399
27,หมู่ 20 หนองปลาไหล,จุมพล,โพนพิสัย,หนองคาย,18.0331606,103.1192563
28,หมู่ 21 นาตาลใหม่,จุมพล,โพนพิสัย,หนองคาย,18.11245,103.19682
29,หมู่ 22 นาเพียงใหม่,จุมพล,โพนพิสัย,หนองคาย,18.0431979,103.142318
30,หมู่ 23 นาเมือง,จุมพล,โพนพิสัย,หนองคาย,18.046663,103.155292
31,หมู่ 24 หมู่บ้านตัวอย่าง,จุมพล,โพนพิสัย,หนองคาย,18.0781366,103.1548535
32,หมู่ 25 พรพระธาตุ,จุมพล,โพนพิสัย,หนองคาย,18.0147839,103.1012424
33,หมู่ 26 นาสมบูรณ์,จุมพล,โพนพิสัย,หนองคาย,17.9951336,103.1653839
34,หมู่ 3 เวิน,จุมพล,โพนพิสัย,หนองคาย,18.0467584,103.0904353
35,หมู่ 4 เดื่อ,จุมพล,โพนพิสัย,หนองคาย,18.0672969,103.0875535
36,หมู่ 5 ร่องก่อน,จุมพล,โพนพิสัย,หนองคาย,18.05385,103.15924
37,หมู่ 6 นาตาล,จุมพล,โพนพิสัย,หนองคาย,18.1066386,103.1913383
38,หมู่ 7 อ่างเก็บน้ำ,จุมพล,โพนพิสัย,หนองคาย,18.05942,103.16854
39,หมู่ 8 นาเพียงใหญ่,จุมพล,โพนพิสัย,หนองคาย,18.0307842,103.1538504
40,หมู่ 9 นาเพียงน้อย,จุมพล,โพนพิสัย,หนองคาย,18.007941,103.1480841
41,หมู่ 1 ท่าลี่,ชุมช้าง,โพนพิสัย,หนองคาย,18.0072379,103.094758
42,หมู่ 10 หนองกุง,ชุมช้าง,โพนพิสัย,หนองคาย,17.9819963,103.145201
43,หมู่ 11 คำเสน,ชุมช้าง,โพนพิสัย,หนองคาย,17.9552635,103.1538504
44,หมู่ 12 น้ำโล้,ชุมช้าง,โพนพิสัย,หนองคาย,17.9514281,103.1250213
45,หมู่ 13 เอราวัณ,ชุมช้าง,โพนพิสัย,หนองคาย,17.9990261,103.0767476
46,หมู่ 14 ทรายทอง,ชุมช้าง,โพนพิสัย,หนองคาย,17.9761212,103.1884542
47,หมู่ 15 โพนเงิน,ชุมช้าง,โพนพิสัย,หนองคาย,17.9984358,103.0853923
48,หมู่ 16 โพนสว่าง,ชุมช้าง,โพนพิสัย,หนองคาย,17.94798,103.0904353
49,หมู่ 17 โนนสง่า,ชุมช้าง,โพนพิสัย,หนองคาย,17.9708255,103.0961989
50,หมู่ 18 โพนบุญ,ชุมช้าง,โพนพิสัย,หนองคาย,17.9957821,103.0763875
51,หมู่ 19 ตาดสำราญ,ชุมช้าง,โพนพิสัย,หนองคาย,17.9617169,103.1761976
52,หมู่ 2 ดอนกลาง,ชุมช้าง,โพนพิสัย,หนองคาย,17.9999163,103.0942996
53,หมู่ 3 โพนบก,ชุมช้าง,โพนพิสัย,หนองคาย,17.9832325,103.0846719
54,หมู่ 4 ชุมช้าง,ชุมช้าง,โพนพิสัย,หนองคาย,17.9665423,103.1163739
55,หมู่ 5 ข้องไก่,ชุมช้าง,โพนพิสัย,หนองคาย,17.9936033,103.0679483
56,หมู่ 6 โนนหนามแท่ง,ชุมช้าง,โพนพิสัย,หนองคาย,17.9669804,103.0673833
57,หมู่ 7 คุยลุมพุก,ชุมช้าง,โพนพิสัย,หนองคาย,17.9615429,103.0832311
58,หมู่ 8 โพนทัน,ชุมช้าง,โพนพิสัย,หนองคาย,17.9475103,103.1020602
59,หมู่ 9 บัว,ชุมช้าง,โพนพิสัย,หนองคาย,17.9715021,103.1711511
60,หมู่ 1 เซิม,เซิม,โพนพิสัย,หนองคาย,17.9322077,103.2778918
61,หมู่ 10 นาสวรรค์,เซิม,โพนพิสัย,หนองคาย,17.9299429,103.3323629
62,หมู่ 11 โคกกลาง,เซิม,โพนพิสัย,หนองคาย,17.9419139,103.263462
63,หมู่ 2 โนนสง่า,เซิม,โพนพิสัย,หนองคาย,17.9011855,103.3067562
64,หมู่ 3 เซิมทุ่ง,เซิม,โพนพิสัย,หนองคาย,17.9453239,103.2980962
65,หมู่ 4 โคกเสือดาว,เซิม,โพนพิสัย,หนองคาย,17.9407169,103.2807779
66,หมู่ 5 ท่าหนองพันทา,เซิม,โพนพิสัย,หนองคาย,17.9317116,103.3269652
67,หมู่ 6 โคกสง่า,เซิม,โพนพิสัย,หนองคาย,17.9305087,103.3442898
68,หมู่ 7 คำตอยุ่ง,เซิม,โพนพิสัย,หนองคาย,17.9306101,103.3009828
69,หมู่ 8 สุขสำราญ,เซิม,โพนพิสัย,หนองคาย,17.9325126,103.3154168
70,หมู่ 9 นามน,เซิม,โพนพิสัย,หนองคาย,17.914392,103.2836641
71,หมู่ 1 ทุ่งหลวง,ทุ่งหลวง,โพนพิสัย,หนองคาย,17.9062108,102.9780981
72,หมู่ 10 โนนรุ่งเรือง,ทุ่งหลวง,โพนพิสัย,หนองคาย,17.8399774,102.969461
73,หมู่ 11 ทรัพย์มงคล,ทุ่งหลวง,โพนพิสัย,หนองคาย,17.8490792,102.985296
74,หมู่ 12 โนนหัวช้าง,ทุ่งหลวง,โพนพิสัย,หนองคาย,17.8620535,102.9867357
75,หมู่ 2 นาตาลเหนือ,ทุ่งหลวง,โพนพิสัย,หนองคาย,17.9561888,102.969461
76,หมู่ 3 โนนสวาท,ทุ่งหลวง,โพนพิสัย,หนองคาย,17.9550213,102.9867357
77,หมู่ 4 หนองแหวน,ทุ่งหลวง,โพนพิสัย,หนองคาย,17.877547,102.97234
78,หมู่ 5 หนองอั้ว,ทุ่งหลวง,โพนพิสัย,หนองคาย,17.8531455,102.9680216
79,หมู่ 6 ร่องโน,ทุ่งหลวง,โพนพิสัย,หนองคาย,17.8911026,102.9867357
80,หมู่ 7 ร่องแกม,ทุ่งหลวง,โพนพิสัย,หนองคาย,17.908922,102.9809772
81,หมู่ 8 โนนทอง,ทุ่งหลวง,โพนพิสัย,หนองคาย,17.8330057,102.9651427
82,หมู่ 9 ขาม,ทุ่งหลวง,โพนพิสัย,หนองคาย,17.9325541,102.975219
83,หมู่ 1 นาหนัง,นาหนัง,โพนพิสัย,หนองคาย,17.9165767,103.1250213
84,หมู่ 10 โคกพัฒนา,นาหนัง,โพนพิสัย,หนองคาย,17.8987593,103.1307866
85,หมู่ 11 ใหม่โพธ์ชัย,นาหนัง,โพนพิสัย,หนองคาย,17.9092399,103.1048449
86,หมู่ 12 โพธิ์ศรี,นาหนัง,โพนพิสัย,หนองคาย,17.88245,103.11425
87,หมู่ 13 คำสว่าง,นาหนัง,โพนพิสัย,หนองคาย,17.9087993,103.1538504
88,หมู่ 14 ห้วยคู่,นาหนัง,โพนพิสัย,หนองคาย,17.8894049,103.1826862
89,หมู่ 15 นาเจริญ,นาหนัง,โพนพิสัย,หนองคาย,17.9394165,103.1307866
90,หมู่ 16 สระพังคำ,นาหนัง,โพนพิสัย,หนองคาย,17.8387245,103.159617
91,หมู่ 17 แป้นใหม่,นาหนัง,โพนพิสัย,หนองคาย,17.9278438,103.0875535
92,หมู่ 2 แป้น,นาหนัง,โพนพิสัย,หนองคาย,17.9173632,103.1134915
93,หมู่ 3 ดงบัง,นาหนัง,โพนพิสัย,หนองคาย,17.9022917,103.0789087
94,หมู่ 4 กุดแกลบ,นาหนัง,โพนพิสัย,หนองคาย,17.903824,103.0990809
95,หมู่ 5 ก่องขันธ์,นาหนัง,โพนพิสัย,หนองคาย,17.8666222,103.1336693
96,หมู่ 6 ดงสระพัง,นาหนัง,โพนพิสัย,หนองคาย,17.851516,103.142318
97,หมู่ 7 ต้อนเหนือ,นาหนัง,โพนพิสัย,หนองคาย,17.8193858,103.145201
98,หมู่ 8 หนองหอย,นาหนัง,โพนพิสัย,หนองคาย,17.8642618,103.1682675
99,หมู่ 9 นาหว้า,นาหนัง,โพนพิสัย,หนองคาย,17.9365363,103.1091682
100,หมู่ 1 ผือ,บ้านผือ,โพนพิสัย,หนองคาย,17.9307784,103.2144134
101,หมู่ 2 เสริมสุข,บ้านผือ,โพนพิสัย,หนองคาย,17.9764418,103.2259525
102,หมู่ 3 วังสิม,บ้านผือ,โพนพิสัย,หนองคาย,17.9207496,103.1913383
103,หมู่ 4 โนนสว่าง,บ้านผือ,โพนพิสัย,หนองคาย,17.9528889,103.1884542
104,หมู่ 5 คำอินทร์แปลง,บ้านผือ,โพนพิสัย,หนองคาย,17.9369822,103.2086442
105,หมู่ 6 หนองแอก,บ้านผือ,โพนพิสัย,หนองคาย,17.8936299,103.2057597
106,หมู่ 7 แสงพิสัย,บ้านผือ,โพนพิสัย,หนองคาย,17.8870319,103.217298
107,หมู่ 8 คำพัฒนา,บ้านผือ,โพนพิสัย,หนองคาย,17.9425528,103.233165
108,หมู่ 1 โพธิ์,บ้านโพธิ์,โพนพิสัย,หนองคาย,17.9024659,103.2461486
109,หมู่ 10 ดงอ่าง,บ้านโพธิ์,โพนพิสัย,หนองคาย,17.8647633,103.3298525
110,หมู่ 11 คำรุ่งเรือง,บ้านโพธิ์,โพนพิสัย,หนองคาย,17.864852,103.2865504
111,หมู่ 12 ไทรทอง,บ้านโพธิ์,โพนพิสัย,หนองคาย,17.9106171,103.233165
112,หมู่ 13 ปักใหม่,บ้านโพธิ์,โพนพิสัย,หนองคาย,17.8361895,103.3024261
113,หมู่ 2 โพธิ์ใหม่,บ้านโพธิ์,โพนพิสัย,หนองคาย,17.8842923,103.2360501
114,หมู่ 3 คำเจริญ,บ้านโพธิ์,โพนพิสัย,หนองคาย,17.8718499,103.2692337
115,หมู่ 4 ปัก,บ้านโพธิ์,โพนพิสัย,หนองคาย,17.8474399,103.2865504
116,หมู่ 5 คำปะกั้ง,บ้านโพธิ์,โพนพิสัย,หนองคาย,17.8826636,103.2807779
117,หมู่ 6 คำจำปา,บ้านโพธิ์,โพนพิสัย,หนองคาย,17.8423481,103.3183038
118,หมู่ 7 เหล่าโพธิ์ทอง,บ้านโพธิ์,โพนพิสัย,หนองคาย,17.8988065,103.2360501
119,หมู่ 8 คำแสนสุข,บ้านโพธิ์,โพนพิสัย,หนองคาย,17.8752652,103.3038695
120,หมู่ 9 โนนสีทอง,บ้านโพธิ์,โพนพิสัย,หนองคาย,17.8927638,103.2605763
121,หมู่ 1 ดอนคง,วัดหลวง,โพนพิสัย,หนองคาย,18.0059075,103.0717052
122,หมู่ 10 ถิ่นดุง,วัดหลวง,โพนพิสัย,หนองคาย,18.0004897,103.0659427
123,หมู่ 11 สองแพ,วัดหลวง,โพนพิสัย,หนองคาย,17.9427776,103.0601805
124,หมู่ 12 โนนศิลา,วัดหลวง,โพนพิสัย,หนองคาย,17.9600532,102.9982535
125,หมู่ 13 ปากสวยกลาง,วัดหลวง,โพนพิสัย,หนองคาย,17.9724459,103.0083325
126,หมู่ 14 สวยเสด็จ,วัดหลวง,โพนพิสัย,หนองคาย,17.9659869,103.0215367
127,หมู่ 15 หนองเรือคำ,วัดหลวง,โพนพิสัย,หนองคาย,18.0141667,103.0777778
128,หมู่ 16 โคกเจริญ,วัดหลวง,โพนพิสัย,หนองคาย,17.962738,103.0443357
129,หมู่ 2 วัดหลวง,วัดหลวง,โพนพิสัย,หนองคาย,18.0125925,103.0695443
130,หมู่ 3 แดนเมือง,วัดหลวง,โพนพิสัย,หนองคาย,17.9797784,103.0500972
131,หมู่ 4 ปากสวย,วัดหลวง,โพนพิสัย,หนองคาย,17.973554,103.0017564
132,หมู่ 5 ไผ่,วัดหลวง,โพนพิสัย,หนองคาย,17.9426197,102.9982535
133,หมู่ 6 ดงม้วย,วัดหลวง,โพนพิสัย,หนองคาย,17.9294388,103.0212924
134,หมู่ 7 ดงกำพี้,วัดหลวง,โพนพิสัย,หนองคาย,17.9274856,103.0500972
135,หมู่ 8 ถ่อน,วัดหลวง,โพนพิสัย,หนองคาย,17.9449154,103.0500972
136,หมู่ 9 โคก,วัดหลวง,โพนพิสัย,หนองคาย,17.9472607,103.0155323
137,หมู่ 1 เหล่า,สร้างนางขาว,โพนพิสัย,หนองคาย,17.90542,103.02185
138,หมู่ 2 สร้างนางขาว,สร้างนางขาว,โพนพิสัย,หนองคาย,17.90125,103.02645
139,หมู่ 3 โพธิ์ศรี,สร้างนางขาว,โพนพิสัย,หนองคาย,17.90852,103.03215
140,หมู่ 4 ดอนสนุก,สร้างนางขาว,โพนพิสัย,หนองคาย,17.8909626,103.0289077
141,หมู่ 5 หนองแคน,สร้างนางขาว,โพนพิสัย,หนองคาย,17.89654,103.01852
142,หมู่ 6 หาดสั่ง,สร้างนางขาว,โพนพิสัย,หนองคาย,17.9058775,103.0606939
143,หมู่ 7 หาดทรายทอง,สร้างนางขาว,โพนพิสัย,หนองคาย,17.91245,103.03845
144,หมู่ 8 คำบอน,สร้างนางขาว,โพนพิสัย,หนองคาย,17.89215,103.03125
145,หมู่ 1 เหล่าต่างคำ,เหล่าต่างคำ,โพนพิสัย,หนองคาย,17.8945893,102.9349191
146,หมู่ 10 เหล่าเจริญ,เหล่าต่างคำ,โพนพิสัย,หนองคาย,17.9120232,102.9349191
147,หมู่ 11 คำสว่าง,เหล่าต่างคำ,โพนพิสัย,หนองคาย,17.9093108,102.932041
148,หมู่ 12 มีสุข,เหล่าต่างคำ,โพนพิสัย,หนองคาย,17.92131,102.8831247
149,หมู่ 13 เชียงอาดเหนือ,เหล่าต่างคำ,โพนพิสัย,หนองคาย,17.9042665,102.8989484
150,หมู่ 14 ต่างคำวิทยา,เหล่าต่างคำ,โพนพิสัย,หนองคาย,17.9029198,102.9514692
151,หมู่ 15 โนนภูทอง,เหล่าต่างคำ,โพนพิสัย,หนองคาย,17.9135692,102.9118966
152,หมู่ 2 ต่างคำ,เหล่าต่างคำ,โพนพิสัย,หนองคาย,17.8976901,102.9536281
153,หมู่ 3 ห้วยน้ำเย็น,เหล่าต่างคำ,โพนพิสัย,หนองคาย,17.8790956,102.9493104
154,หมู่ 4 เชียงอาด,เหล่าต่างคำ,โพนพิสัย,หนองคาย,17.8969053,102.900387
155,หมู่ 5 สุขสำราญ,เหล่าต่างคำ,โพนพิสัย,หนองคาย,17.9201533,102.900387
156,หมู่ 6 โนนตาล,เหล่าต่างคำ,โพนพิสัย,หนองคาย,17.9286833,102.946432
157,หมู่ 7 นาเมย,เหล่าต่างคำ,โพนพิสัย,หนองคาย,17.9585188,102.9349191
158,หมู่ 8 โคกหัวภู,เหล่าต่างคำ,โพนพิสัย,หนองคาย,17.9387569,102.9262851
159,หมู่ 9 โคกคอย,เหล่าต่างคำ,โพนพิสัย,หนองคาย,17.9499926,102.9536281
160,หมู่ 1 หนองบัว,กวนวัน,เมืองหนองคาย,หนองคาย,17.86542,102.69785
161,หมู่ 2 เสงียว,กวนวัน,เมืองหนองคาย,หนองคาย,17.8619821,102.6916644
162,หมู่ 3 พร้าวเหนือ,กวนวัน,เมืองหนองคาย,หนองคาย,17.85874,102.69315
163,หมู่ 4 กวนวันน้อย,กวนวัน,เมืองหนองคาย,หนองคาย,17.8532739,102.6865277
164,หมู่ 5 กวนวันใหญ่,กวนวัน,เมืองหนองคาย,หนองคาย,17.85612,102.68943
165,หมู่ 6 เมืองหมีน้อย,กวนวัน,เมืองหนองคาย,หนองคาย,17.84856,102.69128
166,หมู่ 7 หนองบัวทอง,กวนวัน,เมืองหนองคาย,หนองคาย,17.86821,102.70154
167,หมู่ 1 นาฮี,ค่ายบกหวาน,เมืองหนองคาย,หนองคาย,17.7806116,102.8141005
168,หมู่ 10 หนองสองห้อง,ค่ายบกหวาน,เมืองหนองคาย,หนองคาย,17.78125,102.74836
169,หมู่ 11 หนองสองห้องใหญ่,ค่ายบกหวาน,เมืองหนองคาย,หนองคาย,17.7596455,102.7796034
170,หมู่ 12 ค่ายนคร,ค่ายบกหวาน,เมืองหนองคาย,หนองคาย,17.7825109,102.7853522
171,หมู่ 13 โพธิ์เงิน,ค่ายบกหวาน,เมืองหนองคาย,หนองคาย,17.7225944,102.7669082
172,หมู่ 14 อนามัย,ค่ายบกหวาน,เมืองหนองคาย,หนองคาย,17.7662549,102.7343412
173,หมู่ 15 บุญเพียง,ค่ายบกหวาน,เมืองหนองคาย,หนองคาย,17.7597045,102.8227263
174,หมู่ 16 นาฮีน้อย,ค่ายบกหวาน,เมืองหนองคาย,หนองคาย,17.7769187,102.8040378
175,หมู่ 2 บกหวาน,ค่ายบกหวาน,เมืองหนองคาย,หนองคาย,17.7554921,102.7708817
176,หมู่ 3 โพนตาล,ค่ายบกหวาน,เมืองหนองคาย,หนองคาย,17.7588875,102.7911013
177,หมู่ 4 โคกสำราญ,ค่ายบกหวาน,เมืองหนองคาย,หนองคาย,17.7523184,102.8026003
178,หมู่ 5 หนองหมื่น,ค่ายบกหวาน,เมืองหนองคาย,หนองคาย,17.7848992,102.8371041
179,หมู่ 6 หนองสองห้อง,ค่ายบกหวาน,เมืองหนองคาย,หนองคาย,17.77745,102.74218
180,หมู่ 7 คำโป้งเป้ง,ค่ายบกหวาน,เมืองหนองคาย,หนองคาย,17.7948926,102.7738548
181,หมู่ 8 หนองสองห้องน้อย,ค่ายบกหวาน,เมืองหนองคาย,หนองคาย,17.7526311,102.7537372
182,หมู่ 9 ดอนกอก,ค่ายบกหวาน,เมืองหนองคาย,หนองคาย,17.8069518,102.8112253
183,หมู่ 1 มีชัย,ในเมือง,เมืองหนองคาย,หนองคาย,17.8785583,102.7370646
184,หมู่ 10 ศรีบุญรือง-โพธิ์ชัย,ในเมือง,เมืองหนองคาย,หนองคาย,17.8884743,102.7567215
185,หมู่ 11 หอก่อง,ในเมือง,เมืองหนองคาย,หนองคาย,17.8896682,102.7574612
186,หมู่ 12 ยอดแก้ว,ในเมือง,เมืองหนองคาย,หนองคาย,17.883586,102.750832
187,หมู่ 13 สระแก้ว,ในเมือง,เมืองหนองคาย,หนองคาย,17.88685,102.74852
188,หมู่ 14 โพธิ์ศรี,ในเมือง,เมืองหนองคาย,หนองคาย,17.88452,102.74215
189,หมู่ 15 ป่าหลวง,ในเมือง,เมืองหนองคาย,หนองคาย,17.8926748,102.7647045
190,หมู่ 16 ป่าพร้าว,ในเมือง,เมืองหนองคาย,หนองคาย,17.89384,102.76592
191,หมู่ 17 วัดธาตุ,ในเมือง,เมืองหนองคาย,หนองคาย,17.89326,102.76118
192,หมู่ 2 ชัยพร,ในเมือง,เมืองหนองคาย,หนองคาย,17.88125,102.73812
193,หมู่ 3 หายโศก,ในเมือง,เมืองหนองคาย,หนองคาย,17.8815274,102.7440385
194,หมู่ 4 ศรีชมชื่น,ในเมือง,เมืองหนองคาย,หนองคาย,17.8335176,102.6948409
195,หมู่ 5 ศรีษะเกษ-ศรีเมือง,ในเมือง,เมืองหนองคาย,หนองคาย,17.884731,102.7476541
196,หมู่ 6 คุ้มศรีเมือง,ในเมือง,เมืองหนองคาย,หนองคาย,17.8841853,102.7501027
197,หมู่ 7 ศรีคุณเมือง-ลำดวน,ในเมือง,เมืองหนองคาย,หนองคาย,17.8848507,102.751976
198,หมู่ 8 คุ้มลำดวน,ในเมือง,เมืองหนองคาย,หนองคาย,17.88563,102.75345
199,หมู่ 9 ศรีสุมังค์,ในเมือง,เมืองหนองคาย,หนองคาย,17.8875238,102.7538646
200,หมู่ 1 หมากก่อง,บ้านเดื่อ,เมืองหนองคาย,หนองคาย,17.96541,102.92563
201,หมู่ 10 หาดศรีทอง,บ้านเดื่อ,เมืองหนองคาย,หนองคาย,17.98825,102.95642
202,หมู่ 11 พวกกลาง,บ้านเดื่อ,เมืองหนองคาย,หนองคาย,17.97852,102.94125
203,หมู่ 12 หาดเจริญ,บ้านเดื่อ,เมืองหนองคาย,หนองคาย,17.99124,102.96135
204,หมู่ 13 เดื่ออุดม,บ้านเดื่อ,เมืองหนองคาย,หนองคาย,17.97415,102.95128
205,หมู่ 14 ทุ่งสว่าง,บ้านเดื่อ,เมืองหนองคาย,หนองคาย,17.96985,102.94562
206,หมู่ 15 เดื่อเจริญ,บ้านเดื่อ,เมืองหนองคาย,หนองคาย,17.98142,102.95418
207,หมู่ 16 ท่าสำราญ,บ้านเดื่อ,เมืองหนองคาย,หนองคาย,17.98563,102.96014
208,หมู่ 2 เดื่อ,บ้านเดื่อ,เมืองหนองคาย,หนองคาย,17.97725,102.94852
209,หมู่ 3 เสริมสุข,บ้านเดื่อ,เมืองหนองคาย,หนองคาย,17.98185,102.94512
210,หมู่ 4 หัวหาดใต้,บ้านเดื่อ,เมืองหนองคาย,หนองคาย,17.99342,102.96485
211,หมู่ 5 พวกใต้,บ้านเดื่อ,เมืองหนองคาย,หนองคาย,17.97541,102.93852
212,หมู่ 6 ปากสวย,บ้านเดื่อ,เมืองหนองคาย,หนองคาย,17.9701257,102.9996933
213,หมู่ 7 หัวหาดเหนือ,บ้านเดื่อ,เมืองหนองคาย,หนองคาย,17.99725,102.96894
214,หมู่ 8 เดื่อใต้,บ้านเดื่อ,เมืองหนองคาย,หนองคาย,17.97285,102.94632
215,หมู่ 9 พวกเหนือ,บ้านเดื่อ,เมืองหนองคาย,หนองคาย,17.98126,102.94318
216,หมู่ 1 ปะโค,ปะโค,เมืองหนองคาย,หนองคาย,17.80125,102.70654
217,หมู่ 2 ปะโคเหนือ,ปะโค,เมืองหนองคาย,หนองคาย,17.80482,102.70925
218,หมู่ 3 โคกป่าฝาง,ปะโค,เมืองหนองคาย,หนองคาย,17.7970708,102.7102637
219,หมู่ 4 นาพิพาน,ปะโค,เมืองหนองคาย,หนองคาย,17.8149146,102.7230263
220,หมู่ 5 ไร่,ปะโค,เมืองหนองคาย,หนองคาย,17.7725887,102.6990009
221,หมู่ 6 ไก่แก้ว,ปะโค,เมืองหนองคาย,หนองคาย,17.7722435,102.7019975
222,หมู่ 7 หนองบ่อ,ปะโค,เมืองหนองคาย,หนองคาย,17.7491667,102.7208333
223,หมู่ 1 บ่อแปบ,พระธาตุบังพวน,เมืองหนองคาย,หนองคาย,17.73985,102.70342
224,หมู่ 10 โคกก่อง,พระธาตุบังพวน,เมืองหนองคาย,หนองคาย,17.7347416,102.7163849
225,หมู่ 11 มะเขือ,พระธาตุบังพวน,เมืองหนองคาย,หนองคาย,17.7075617,102.6876604
226,หมู่ 12 หนองหญ้าม้า,พระธาตุบังพวน,เมืองหนองคาย,หนองคาย,17.7521766,102.7163849
227,หมู่ 13 โพธิ์ทอง,พระธาตุบังพวน,เมืองหนองคาย,หนองคาย,17.7156689,102.6747367
228,หมู่ 14 ทุ่งสว่าง,พระธาตุบังพวน,เมืองหนองคาย,หนองคาย,17.73624,102.69985
229,หมู่ 2 โคกคำ,พระธาตุบังพวน,เมืองหนองคาย,หนองคาย,17.74125,102.68452
230,หมู่ 3 พระธาตุบังพวน,พระธาตุบังพวน,เมืองหนองคาย,หนองคาย,17.7462762,102.6733009
231,หมู่ 4 เก่าน้อย,พระธาตุบังพวน,เมืองหนองคาย,หนองคาย,17.73273,102.6804804
232,หมู่ 5 ดอนหมู,พระธาตุบังพวน,เมืองหนองคาย,หนองคาย,17.7236372,102.6862244
233,หมู่ 6 วังเทียม,พระธาตุบังพวน,เมืองหนองคาย,หนองคาย,17.7319328,102.6704292
234,หมู่ 7 เชือก,พระธาตุบังพวน,เมืองหนองคาย,หนองคาย,17.730433,102.6934048
235,หมู่ 8 หนองผือ,พระธาตุบังพวน,เมืองหนองคาย,หนองคาย,17.7064367,102.7048943
236,หมู่ 9 หม้วย,พระธาตุบังพวน,เมืองหนองคาย,หนองคาย,17.7238705,102.7048943
237,หมู่ 1 หนาด,โพธิ์ชัย,เมืองหนองคาย,หนองคาย,17.8409072,102.754087
238,หมู่ 10 เนินสวรรค์,โพธิ์ชัย,เมืองหนองคาย,หนองคาย,17.84752,102.77315
239,หมู่ 11 กุดแห่,โพธิ์ชัย,เมืองหนองคาย,หนองคาย,17.8765275,102.7597729
240,หมู่ 12 ม่วงคำ,โพธิ์ชัย,เมืองหนองคาย,หนองคาย,17.84158,102.77942
241,หมู่ 2 คำแค,โพธิ์ชัย,เมืองหนองคาย,หนองคาย,17.8395293,102.7564215
242,หมู่ 3 โนนสังข์,โพธิ์ชัย,เมืองหนองคาย,หนองคาย,17.84586,102.77124
243,หมู่ 4 เนินพะเนาว์,โพธิ์ชัย,เมืองหนองคาย,หนองคาย,17.84925,102.77863
244,หมู่ 5 ดอนมน,โพธิ์ชัย,เมืองหนองคาย,หนองคาย,17.8766016,102.7497088
245,หมู่ 6 หนองแดง,โพธิ์ชัย,เมืองหนองคาย,หนองคาย,17.8583333,102.7766667
246,หมู่ 7 ร่องเม็ก,โพธิ์ชัย,เมืองหนองคาย,หนองคาย,17.8365991,102.7665935
247,หมู่ 8 นาจันทร์,โพธิ์ชัย,เมืองหนองคาย,หนองคาย,17.8323996,102.7840192
248,หมู่ 9 บ่อหิน,โพธิ์ชัย,เมืองหนองคาย,หนองคาย,17.8638889,102.7563889
249,หมู่ 1 สร้างพอก,โพนสว่าง,เมืองหนองคาย,หนองคาย,17.7418347,102.7853522
250,หมู่ 10 ใหญ่ดงเจริญ,โพนสว่าง,เมืองหนองคาย,หนองคาย,17.72452,102.82845
251,หมู่ 2 นาอ่าง,โพนสว่าง,เมืองหนองคาย,หนองคาย,17.71245,102.81236
252,หมู่ 3 โพนสว่าง,โพนสว่าง,เมืองหนองคาย,หนองคาย,17.7077971,102.8169757
253,หมู่ 4 สวยหลง,โพนสว่าง,เมืองหนองคาย,หนองคาย,17.7163213,102.819851
254,หมู่ 5 ดงเว้น,โพนสว่าง,เมืองหนองคาย,หนองคาย,17.7043238,102.8256017
255,หมู่ 6 ดาวเรือง,โพนสว่าง,เมืองหนองคาย,หนองคาย,17.7554676,102.8428557
256,หมู่ 7 สร้างอ่าง,โพนสว่าง,เมืองหนองคาย,หนองคาย,17.7286989,102.8083503
257,หมู่ 8 ป่าตอง,โพนสว่าง,เมืองหนองคาย,หนองคาย,17.73261,102.8371041
258,หมู่ 9 สมสะอาด,โพนสว่าง,เมืองหนองคาย,หนองคาย,17.728099,102.7954133
259,หมู่ 1 จอมมณี,มีชัย,เมืองหนองคาย,หนองคาย,17.8762925,102.7170272
260,หมู่ 2 มีชัยเหนือ,มีชัย,เมืองหนองคาย,หนองคาย,17.88245,102.73485
261,หมู่ 3 ดอนแดงเหนือ,มีชัย,เมืองหนองคาย,หนองคาย,17.8710393,102.7272417
262,หมู่ 4 ดอนแดงใต้,มีชัย,เมืองหนองคาย,หนองคาย,17.8722445,102.7287632
263,หมู่ 5 ดอนโพธิ์,มีชัย,เมืองหนองคาย,หนองคาย,17.86925,102.72615
264,หมู่ 6 บ้านเหล่า,มีชัย,เมืองหนองคาย,หนองคาย,17.8920003,102.7782224
265,หมู่ 7 สามัคคี-โคกแมงเงา,มีชัย,เมืองหนองคาย,หนองคาย,17.85215,102.72462
266,หมู่ 8 โคกแมงเงา,มีชัย,เมืองหนองคาย,หนองคาย,17.84825,102.72124
267,หมู่ 9 ดอนกลาง,มีชัย,เมืองหนองคาย,หนองคาย,17.86542,102.72954
268,หมู่ 1 เมืองหมีใหญ่,เมืองหมี,เมืองหนองคาย,หนองคาย,17.8371789,102.6833524
269,หมู่ 2 ศรีชมชื่น,เมืองหมี,เมืองหนองคาย,หนองคาย,17.83415,102.69542
270,หมู่ 3 ท่าดอกคำ,เมืองหมี,เมืองหนองคาย,หนองคาย,17.8281003,102.6998675
271,หมู่ 4 บุ่งเล,เมืองหมี,เมืองหนองคาย,หนองคาย,17.8292893,102.7149485
272,หมู่ 5 หนองแจ้ง,เมืองหมี,เมืองหนองคาย,หนองคาย,17.8397466,102.7106394
273,หมู่ 7 บุ่งเลใหญ่,เมืองหมี,เมืองหนองคาย,หนองคาย,17.8298558,102.7063305
274,หมู่ 1 เมืองบาง,วัดธาตุ,เมืองหนองคาย,หนองคาย,17.84925,102.81245
275,หมู่ 10 สร้างประทาย,วัดธาตุ,เมืองหนองคาย,หนองคาย,17.8474875,102.8014531
276,หมู่ 11 วังยางเหนือ,วัดธาตุ,เมืองหนองคาย,หนองคาย,17.81754,102.82142
277,หมู่ 12 โพธิ์งาม,วัดธาตุ,เมืองหนองคาย,หนองคาย,17.85215,102.82412
278,หมู่ 13 หนองนาเมือง,วัดธาตุ,เมืองหนองคาย,หนองคาย,17.863214,102.8377523
279,หมู่ 14 ทิพย์ธานี,วัดธาตุ,เมืองหนองคาย,หนองคาย,17.8665374,102.780386
280,หมู่ 2 เม็ก,วัดธาตุ,เมืองหนองคาย,หนองคาย,17.88852,102.78245
281,หมู่ 3 เดื่อ,วัดธาตุ,เมืองหนองคาย,หนองคาย,17.84562,102.81954
282,หมู่ 4 วังยาง,วัดธาตุ,เมืองหนองคาย,หนองคาย,17.81265,102.81785
283,หมู่ 5 ภู่,วัดธาตุ,เมืองหนองคาย,หนองคาย,17.86825,102.82512
284,หมู่ 6 เบิดใหญ่,วัดธาตุ,เมืองหนองคาย,หนองคาย,17.84315,102.81425
285,หมู่ 7 เบิดน้อย,วัดธาตุ,เมืองหนองคาย,หนองคาย,17.84125,102.81185
286,หมู่ 8 โพนงาม,วัดธาตุ,เมืองหนองคาย,หนองคาย,17.85425,102.81825
287,หมู่ 9 นาคลอง,วัดธาตุ,เมืองหนองคาย,หนองคาย,17.8736438,102.7771491
288,หมู่ 1 นาเหล่า,เวียงคุก,เมืองหนองคาย,หนองคาย,17.78854,102.67345
289,หมู่ 2 เวียงคุกใต้,เวียงคุก,เมืองหนองคาย,หนองคาย,17.77852,102.68452
290,หมู่ 3 เวียงคุกกลาง,เวียงคุก,เมืองหนองคาย,หนองคาย,17.78215,102.68185
291,หมู่ 4 เวียงคุก,เวียงคุก,เมืองหนองคาย,หนองคาย,17.78525,102.67985
292,หมู่ 5 โนนสมบูรณ์,เวียงคุก,เมืองหนองคาย,หนองคาย,17.77412,102.67215
293,หมู่ 6 ไผ่สีทอง,เวียงคุก,เมืองหนองคาย,หนองคาย,17.76825,102.67542
294,หมู่ 7 เวียงชัย,เวียงคุก,เมืองหนองคาย,หนองคาย,17.79125,102.67815
295,หมู่ 8 เวียงแก้ว,เวียงคุก,เมืองหนองคาย,หนองคาย,17.78345,102.67685
296,หมู่ 1 จอมแจ้ง,สีกาย,เมืองหนองคาย,หนองคาย,17.9635436,102.8601122
297,หมู่ 2 สีกายใต้,สีกาย,เมืองหนองคาย,หนองคาย,17.973628,102.8831247
298,หมู่ 3 ฝายแตก,สีกาย,เมืองหนองคาย,หนองคาย,17.9658782,102.8903171
299,หมู่ 4 บง,สีกาย,เมืองหนองคาย,หนองคาย,17.9445613,102.8831247
300,หมู่ 5 ดงเวร,สีกาย,เมืองหนองคาย,หนองคาย,17.9526954,102.8701796
301,หมู่ 6 สีกายเหนือ,สีกาย,เมืองหนองคาย,หนองคาย,17.9670365,102.8730562
302,หมู่ 7 สันติสุข,สีกาย,เมืองหนองคาย,หนองคาย,17.9589012,102.8860016
303,หมู่ 8 สังคมพัฒนา,สีกาย,เมืองหนองคาย,หนองคาย,17.9623919,102.8989484
304,หมู่ 1 ดอนดู่,หนองกอมเกาะ,เมืองหนองคาย,หนองคาย,17.8591852,102.7365396
305,หมู่ 10 หนองขาม,หนองกอมเกาะ,เมืองหนองคาย,หนองคาย,17.8477439,102.7436796
306,หมู่ 11 ศรีเจริญ,หนองกอมเกาะ,เมืองหนองคาย,หนองคาย,17.8196579,102.7508635
307,หมู่ 12 โคกแมงเงา,หนองกอมเกาะ,เมืองหนองคาย,หนองคาย,17.84652,102.72518
308,หมู่ 2 นาไก่,หนองกอมเกาะ,เมืองหนองคาย,หนองคาย,17.8249113,102.7424912
309,หมู่ 3 คุยนางขาว,หนองกอมเกาะ,เมืองหนองคาย,หนองคาย,17.8432561,102.7235671
310,หมู่ 4 นาเหลาทอง,หนองกอมเกาะ,เมืองหนองคาย,หนองคาย,17.8440469,102.7336229
311,หมู่ 5 นาทา-โนนธาตุ,หนองกอมเกาะ,เมืองหนองคาย,หนองคาย,17.8496869,102.7472715
312,หมู่ 6 โนนธาตุ,หนองกอมเกาะ,เมืองหนองคาย,หนองคาย,17.8444579,102.7494267
313,หมู่ 7 หนองเดิ่น,หนองกอมเกาะ,เมืองหนองคาย,หนองคาย,17.8084113,102.7451163
314,หมู่ 8 แจ้งสว่าง,หนองกอมเกาะ,เมืองหนองคาย,หนองคาย,17.8388343,102.7465531
315,หมู่ 9 หนองกอมเกาะ,หนองกอมเกาะ,เมืองหนองคาย,หนองคาย,17.8333333,102.7216667
316,หมู่ 1 วัดธาตุใต้,หาดคำ,เมืองหนองคาย,หนองคาย,17.9159684,102.7798392
317,หมู่ 10 เนินหงษ์ทอง,หาดคำ,เมืองหนองคาย,หนองคาย,17.929089,102.789116
318,หมู่ 11 จอมเสด็จ,หาดคำ,เมืองหนองคาย,หนองคาย,17.89785,102.80345
319,หมู่ 12 สวนอ้อย,หาดคำ,เมืองหนองคาย,หนองคาย,17.9068093,102.7783678
320,หมู่ 13 หนองไผ่,หาดคำ,เมืองหนองคาย,หนองคาย,17.90752,102.82542
321,หมู่ 14 หาดทรายทอง,หาดคำ,เมืองหนองคาย,หนองคาย,17.91245,102.81985
322,หมู่ 15 จอมเสด็จน้อย,หาดคำ,เมืองหนองคาย,หนองคาย,17.89452,102.79985
323,หมู่ 16 ยูงทอง,หาดคำ,เมืองหนองคาย,หนองคาย,17.8839436,102.8459931
324,หมู่ 2 หาดคำ,หาดคำ,เมืองหนองคาย,หนองคาย,17.89285,102.78762
325,หมู่ 3 หาดคำน้อย,หาดคำ,เมืองหนองคาย,หนองคาย,17.9210168,102.7839236
326,หมู่ 4 บอน,หาดคำ,เมืองหนองคาย,หนองคาย,17.8916161,102.7861413
327,หมู่ 5 สามัคคี,หาดคำ,เมืองหนองคาย,หนองคาย,17.86425,102.82085
328,หมู่ 6 เหล่า,หาดคำ,เมืองหนองคาย,หนองคาย,17.90562,102.81845
329,หมู่ 7 ฝ้าย,หาดคำ,เมืองหนองคาย,หนองคาย,17.8942838,102.7865083
330,หมู่ 8 ดอนซูด,หาดคำ,เมืองหนองคาย,หนองคาย,17.9064527,102.8481561
331,หมู่ 9 ดอนสวรรค์,หาดคำ,เมืองหนองคาย,หนองคาย,17.8992727,102.783911
332,หมู่ 1 หินโงม,หินโงม,เมืองหนองคาย,หนองคาย,17.9441576,102.8457316
333,หมู่ 2 หินโงมเหนือ,หินโงม,เมืองหนองคาย,หนองคาย,17.94852,102.84365
334,หมู่ 3 ดงเจริญ,หินโงม,เมืองหนองคาย,หนองคาย,17.93245,102.83985
335,หมู่ 4 ศาลาคำ,หินโงม,เมืองหนองคาย,หนองคาย,17.9344759,102.8601122
336,หมู่ 5 ท่าจาน,หินโงม,เมืองหนองคาย,หนองคาย,17.9395191,102.8716179
337,หมู่ 6 พร้าวใต้,หินโงม,เมืองหนองคาย,หนองคาย,17.9557904,102.8565169
338,หมู่ 7 เจริญสุข,หินโงม,เมืองหนองคาย,หนองคาย,17.9569502,102.8500456
339,หมู่ 8 หินโงมใต้,หินโงม,เมืองหนองคาย,หนองคาย,17.9513287,102.8471696
340,หมู่ หนองเดิด,เมืองหมี,เมืองหนองคาย,หนองคาย,17.852054,102.7113576
341,ม.1 สังคม,สังคม,สังคม,หนองคาย,18.074552,102.26327
342,ม.2 สังคม,สังคม,สังคม,หนองคาย,18.08117,102.255496
343,ม.3 ผาแดง,สังคม,สังคม,หนองคาย,18.099937,102.240627
344,ม.4 บ้านแก้งใหม่,สังคม,สังคม,หนองคาย,18.102275,102.234353
345,ม.5 บ้านน้ำไพร,สังคม,สังคม,หนองคาย,18.1068927,102.227073
346,ม.6 บ้านม่วงน้ำไพร,สังคม,สังคม,หนองคาย,18.06955,102.188966
347,ม.7 บ้านฟ้าประทาน,สังคม,สังคม,หนองคาย,18.036958,102.179488
348,หมู่ 1 บ้านนาทับไฮ,นาทับไฮ,รัตนวาปี,หนองคาย,18.2109335,103.2915527
349,หมู่ 10 บ้านยางชุมใต้,นาทับไฮ,รัตนวาปี,หนองคาย,18.1808249,103.3078753
350,หมู่ 11 โนนดู่ใต้,นาทับไฮ,รัตนวาปี,หนองคาย,18.1827836,103.3284089
351,หมู่ 2 บ้านหนองเค็ม,นาทับไฮ,รัตนวาปี,หนองคาย,18.2068646,103.3061704
352,หมู่ 3 บ้านโนนเรียง,นาทับไฮ,รัตนวาปี,หนองคาย,18.1978727,103.3200681
353,หมู่ 4 บ้านโนนดู่,นาทับไฮ,รัตนวาปี,หนองคาย,18.1885762,103.3227218
354,หมู่ 5 บ้านยางชุม,นาทับไฮ,รัตนวาปี,หนองคาย,18.1808514,103.3078769
355,หมู่ 6 บ้านนาคำมูล,นาทับไฮ,รัตนวาปี,หนองคาย,18.1650481,103.3004985
356,หมู่ 7 บ้านโนนภูทอง,นาทับไฮ,รัตนวาปี,หนองคาย,18.2056153,103.2721197
357,หมู่ 8 บ้านชมภูพร,นาทับไฮ,รัตนวาปี,หนองคาย,18.1490004,103.2923232
358,หมู่ 9 บ้านโนนดู้เหนือ,นาทับไฮ,รัตนวาปี,หนองคาย,18.1942689,103.309643
359,หมู่ 1 บ้านต้อนน้อย,บ้านต้อน,รัตนวาปี,หนองคาย,18.2789392,103.2418206
360,หมู่ 2 บ้านต้อนใหญ่,บ้านต้อน,รัตนวาปี,หนองคาย,18.2906353,103.282221
361,หมู่ 3 บ้านดอนเหมือด,บ้านต้อน,รัตนวาปี,หนองคาย,18.2713045,103.2480258
362,หมู่ 4 บ้านดงหอ,บ้านต้อน,รัตนวาปี,หนองคาย,18.2452629,103.2472519
363,หมู่ 5 บ้านดงเล้า,บ้านต้อน,รัตนวาปี,หนองคาย,18.2638616,103.2288374
364,หมู่ 6 บ้านดอนบก,บ้านต้อน,รัตนวาปี,หนองคาย,18.2572409,103.2403779
365,หมู่ 7 บ้านต้อนหัวนา,บ้านต้อน,รัตนวาปี,หนองคาย,18.2753601,103.2721197
366,หมู่ 8 บ้านเปงจานนคร,บ้านต้อน,รัตนวาปี,หนองคาย,18.274136,103.227395
367,หมู่ 9 บ้านหนองลาด,บ้านต้อน,รัตนวาปี,หนองคาย,18.2622454,103.2519195
368,หมู่ 1 บ้านพระบาทนาหงส์,พระบาทนาสิงห์,รัตนวาปี,หนองคาย,18.1863223,103.2503701
369,หมู่ 10 บ้านโนนประเสริฐ,พระบาทนาสิงห์,รัตนวาปี,หนองคาย,18.1301674,103.2390667
370,หมู่ 11 บ้านโนนสำราญ,พระบาทนาสิงห์,รัตนวาปี,หนองคาย,18.1328341,103.1697093
371,หมู่ 12 บ้านพรสวรรค์,พระบาทนาสิงห์,รัตนวาปี,หนองคาย,18.1898664,103.258412
372,หมู่ 13 บ้านนาหงส์คำ,พระบาทนาสิงห์,รัตนวาปี,หนองคาย,18.1693628,103.2086442
373,หมู่ 14 บ้านเตชะไพบูลย์,พระบาทนาสิงห์,รัตนวาปี,หนองคาย,18.1282823,103.2144134
374,หมู่ 15 บ้านกาญจนา,พระบาทนาสิงห์,รัตนวาปี,หนองคาย,18.1811618,103.1747557
375,หมู่ 16 บ้านห้วยหมากหาด,พระบาทนาสิงห์,รัตนวาปี,หนองคาย,18.1731565,103.2315568
376,หมู่ 17 บ้านคลองสาร,พระบาทนาสิงห์,รัตนวาปี,หนองคาย,18.1439029,103.1567337
377,หมู่ 2 บ้านนาสิงห์,พระบาทนาสิงห์,รัตนวาปี,หนองคาย,18.1833946,103.2403054
378,หมู่ 3 บ้านตาดทอง,พระบาทนาสิงห์,รัตนวาปี,หนองคาย,18.1599337,103.2605763
379,หมู่ 4 บ้านกุดลึก,พระบาทนาสิงห์,รัตนวาปี,หนองคาย,18.1390718,103.2069182
380,หมู่ 5 บ้านสามัคคีชัย,พระบาทนาสิงห์,รัตนวาปี,หนองคาย,18.187381,103.197896
381,หมู่ 6 บ้านโนนหงษ์ทอง,พระบาทนาสิงห์,รัตนวาปี,หนองคาย,18.1742593,103.263462
382,หมู่ 7 บ้านนายาง,พระบาทนาสิงห์,รัตนวาปี,หนองคาย,18.1328305,103.1757672
383,หมู่ 8 บ้านโปร่งสำราญ,พระบาทนาสิงห์,รัตนวาปี,หนองคาย,18.172761,103.1752541
384,หมู่ 9 บ้านหงสาวดี,พระบาทนาสิงห์,รัตนวาปี,หนองคาย,18.1872334,103.2649049
385,หมู่ 1 บ้านโพนแพง,โพนแพง,รัตนวาปี,หนองคาย,18.2621548,103.1840149
386,หมู่ 10 บ้านดงมดแดง,โพนแพง,รัตนวาปี,หนองคาย,18.2341352,103.234383
387,หมู่ 11 บ้านหนองบัวเงิน,โพนแพง,รัตนวาปี,หนองคาย,18.2530985,103.1956645
388,หมู่ 12 บ้านดงดาลเหนือ,โพนแพง,รัตนวาปี,หนองคาย,18.23015,103.24785
389,หมู่ 13 บ้านโนนโพธิ์ทอง,โพนแพง,รัตนวาปี,หนองคาย,18.2651964,103.2191686
390,หมู่ 2 บ้านอาญา,โพนแพง,รัตนวาปี,หนองคาย,18.2301562,103.2505383
391,หมู่ 3 บ้านผักขะ,โพนแพง,รัตนวาปี,หนองคาย,18.2658776,103.1999909
392,หมู่ 4 บ้านดงดาล,โพนแพง,รัตนวาปี,หนองคาย,18.22542,103.24315
393,หมู่ 5 บ้านหนองคอน,โพนแพง,รัตนวาปี,หนองคาย,18.2213889,103.2258333
394,หมู่ 6 บ้านดงเย็น,โพนแพง,รัตนวาปี,หนองคาย,18.249266,103.2119853
395,หมู่ 7 บ้านดงสาร,โพนแพง,รัตนวาปี,หนองคาย,18.2296705,103.2605763
396,หมู่ 8 บ้านเปงจาน,โพนแพง,รัตนวาปี,หนองคาย,18.267249,103.2113794
397,หมู่ 9 บ้านโพนสว่าง,โพนแพง,รัตนวาปี,หนองคาย,18.2526961,103.2014331
398,หมู่ 1 บ้านน้ำเป,รัตนวาปี,รัตนวาปี,หนองคาย,18.16461,103.1450322
399,หมู่ 10 บ้านดอนบก,รัตนวาปี,รัตนวาปี,หนองคาย,18.2000777,103.1639422
400,หมู่ 11 บ้านรัตนวาปี,รัตนวาปี,รัตนวาปี,หนองคาย,18.2174678,103.1855702
401,หมู่ 12 บ้านหนองแก้วเหนือ,รัตนวาปี,รัตนวาปี,หนองคาย,18.240773,103.1639422
402,หมู่ 2 บ้านท่าม่วง,รัตนวาปี,รัตนวาปี,หนองคาย,18.2148113,103.1610587
403,หมู่ 3 บ้านตาลชุม,รัตนวาปี,รัตนวาปี,หนองคาย,18.222085,103.152941
404,หมู่ 4 บ้านหนองแก้ว,รัตนวาปี,รัตนวาปี,หนองคาย,18.2477962,103.1644686
405,หมู่ 5 บ้านนาชุมช้าง,รัตนวาปี,รัตนวาปี,หนองคาย,18.2051571,103.1931367
406,หมู่ 6 บ้านโนนสวรรค์,รัตนวาปี,รัตนวาปี,หนองคาย,18.2209762,103.1769185
407,หมู่ 7 บ้านเจริญชัย,รัตนวาปี,รัตนวาปี,หนองคาย,18.2259869,103.1884542
408,หมู่ 8 บ้านหนองไผ่,รัตนวาปี,รัตนวาปี,หนองคาย,18.2393684,103.1841282
409,หมู่ 9 บ้านวารีภิมุข,รัตนวาปี,รัตนวาปี,หนองคาย,18.1752726,103.1653839
411,หมู่ 1 นาเขเหนือ,นาเข,บ้านแพง,นครพนม,17.9020777,104.2439545
412,หมู่ 2 ปากห้วยม่วง,นาเข,บ้านแพง,นครพนม,17.8446415,104.2858351
413,หมู่ 3 นาเขท่า,นาเข,บ้านแพง,นครพนม,17.8902621,104.2566207
414,หมู่ 4 นาเขน้อย,นาเข,บ้านแพง,นครพนม,17.8794056,104.2570364
415,หมู่ 5 โคกสายทอง,นาเข,บ้านแพง,นครพนม,17.8937182,104.2357942
416,หมู่ 6 นาเขทุ่ง,นาเข,บ้านแพง,นครพนม,17.8964089,104.2511643
417,หมู่ 1 นางัวเหนือ,นางัว,บ้านแพง,นครพนม,17.9618038,104.1922412
418,หมู่ 10 นางัว,นางัว,บ้านแพง,นครพนม,17.96215,104.19542
419,หมู่ 11 ร่มโพธิ์ทอง,นางัว,บ้านแพง,นครพนม,17.9604521,104.1559868
420,หมู่ 2 นางัว,นางัว,บ้านแพง,นครพนม,17.95825,104.19125
421,หมู่ 3 นางัวใต้,นางัว,บ้านแพง,นครพนม,17.9509323,104.1845984
422,หมู่ 4 พืชผล,นางัว,บ้านแพง,นครพนม,17.9714679,104.1927795
423,หมู่ 5 พืชมงคล,นางัว,บ้านแพง,นครพนม,17.9700598,104.1898451
424,หมู่ 6 ดอนบาก,นางัว,บ้านแพง,นครพนม,17.9577837,104.1772527
425,หมู่ 7 แพงโคก,นางัว,บ้านแพง,นครพนม,17.9488618,104.1989187
426,หมู่ 8 นาเรียง,นางัว,บ้านแพง,นครพนม,17.9299651,104.2046664
427,หมู่ 9 ทุ่งเจริญ,นางัว,บ้านแพง,นครพนม,17.9309075,104.2165618
428,หมู่ 1 แพงใต้,บ้านแพง,บ้านแพง,นครพนม,17.96125,104.22415
429,หมู่ 10 แพงกลางใต้,บ้านแพง,บ้านแพง,นครพนม,17.83415,104.27125
430,หมู่ 11 แพงใต้,บ้านแพง,บ้านแพง,นครพนม,17.95852,104.22685
431,หมู่ 12 หัวหาด,บ้านแพง,บ้านแพง,นครพนม,17.96854,104.22852
432,หมู่ 13 แพงกลาง,บ้านแพง,บ้านแพง,นครพนม,17.83125,104.26652
433,หมู่ 14 ท่าลาดทุ่ง,บ้านแพง,บ้านแพง,นครพนม,17.95624,104.21852
434,หมู่ 2 แพงกลาง,บ้านแพง,บ้านแพง,นครพนม,17.83562,104.26945
435,หมู่ 3 แพงเหนือ,บ้านแพง,บ้านแพง,นครพนม,17.96585,104.22015
436,หมู่ 4 แพงวิทยา,บ้านแพง,บ้านแพง,นครพนม,17.9663288,104.2163073
437,หมู่ 5 เนินคะนึง,บ้านแพง,บ้านแพง,นครพนม,17.97125,104.21942
438,หมู่ 6 นายาง,บ้านแพง,บ้านแพง,นครพนม,17.96425,104.21542
439,หมู่ 7 ดอนแพง,บ้านแพง,บ้านแพง,นครพนม,17.9681525,104.2205985
440,หมู่ 8 ดอนติ้ว,บ้านแพง,บ้านแพง,นครพนม,17.9983311,104.1910756
441,หมู่ 9 ท่าลาด,บ้านแพง,บ้านแพง,นครพนม,17.95915,104.21685
442,หมู่ 1 ไผ่ล้อม,ไผ่ล้อม,บ้านแพง,นครพนม,18.01452,104.15562
443,หมู่ 2 โพธิ์ชัย,ไผ่ล้อม,บ้านแพง,นครพนม,18.0096887,104.1785629
444,หมู่ 3 นาโพธิ์,ไผ่ล้อม,บ้านแพง,นครพนม,17.9868598,104.1349852
445,หมู่ 4 ไผ่ล้อม,ไผ่ล้อม,บ้านแพง,นครพนม,18.01125,104.15185
446,หมู่ 5 บึงใต้,ไผ่ล้อม,บ้านแพง,นครพนม,17.9737332,104.1943229
447,หมู่ 6 ไผ่ล้อม,ไผ่ล้อม,บ้านแพง,นครพนม,18.01685,104.15842
448,หมู่ 7 ทุ่งสว่าง,ไผ่ล้อม,บ้านแพง,นครพนม,17.9984537,104.1836479
449,หมู่ 8 โพธิ์ทอง,ไผ่ล้อม,บ้านแพง,นครพนม,18.0063131,104.1859424
450,หมู่ 1 โพนทอง,โพนทอง,บ้านแพง,นครพนม,17.86985,104.25315
451,หมู่ 10 โคกยาว,โพนทอง,บ้านแพง,นครพนม,17.8742928,104.2001699
452,หมู่ 2 นาดีหัวภู,โพนทอง,บ้านแพง,นครพนม,17.8722351,104.2366873
453,หมู่ 3 โคกพะทาย,โพนทอง,บ้านแพง,นครพนม,17.750463,104.2991973
454,หมู่ 4 ม่วงชี,โพนทอง,บ้านแพง,นครพนม,17.9167178,104.222154
455,หมู่ 5 ดอนสะฝาง,โพนทอง,บ้านแพง,นครพนม,17.9083577,104.2076581
456,หมู่ 6 โคกสวาท,โพนทอง,บ้านแพง,นครพนม,17.8796868,104.213767
457,หมู่ 7 ป่าหว้าน,โพนทอง,บ้านแพง,นครพนม,17.84985,104.22985
458,หมู่ 8 โพนทอง,โพนทอง,บ้านแพง,นครพนม,17.86652,104.24945
459,หมู่ 9 ป่าหว้าน,โพนทอง,บ้านแพง,นครพนม,17.84652,104.22562
460,หมู่ 1 คำนกกก,หนองแวง,บ้านแพง,นครพนม,17.8018406,104.2105284
461,หมู่ 10 คำพอก,หนองแวง,บ้านแพง,นครพนม,17.8084183,104.285929
462,หมู่ 11 หนองแวง,หนองแวง,บ้านแพง,นครพนม,17.77785,104.25745
463,หมู่ 12 ไชยศรี,หนองแวง,บ้านแพง,นครพนม,17.8006539,104.2657584
464,หมู่ 13 คำนกกกเหนือ,หนองแวง,บ้านแพง,นครพนม,17.7868737,104.2142626
465,หมู่ 14 นาพระชัยตะวันออก,หนองแวง,บ้านแพง,นครพนม,17.7585126,104.2849597
466,หมู่ 15 น้อยทองคำ,หนองแวง,บ้านแพง,นครพนม,17.8275834,104.2579361
467,หมู่ 16 หนองแวงทุ่ง,หนองแวง,บ้านแพง,นครพนม,17.77345,104.25215
468,หมู่ 17 คำเจริญ,หนองแวง,บ้านแพง,นครพนม,17.765822,104.2101078
469,หมู่ 2 หนองแวง,หนองแวง,บ้านแพง,นครพนม,17.77615,104.25615
470,หมู่ 3 นากระแต้,หนองแวง,บ้านแพง,นครพนม,17.8501988,104.2609618
471,หมู่ 4 นาข่า,หนองแวง,บ้านแพง,นครพนม,17.8180084,104.2657584
472,หมู่ 5 โนนสูง,หนองแวง,บ้านแพง,นครพนม,17.7630589,104.2854447
473,หมู่ 6 ดอนกลาง,หนองแวง,บ้านแพง,นครพนม,17.83852,104.24985
474,หมู่ 7 นาพระชัย,หนองแวง,บ้านแพง,นครพนม,17.7657086,104.2783063
475,หมู่ 8 ดอนกลาง,หนองแวง,บ้านแพง,นครพนม,17.83485,104.24652
476,หมู่ 9 อ้วนน้อย,หนองแวง,บ้านแพง,นครพนม,17.785117,104.2802961
477,หมู่ 1 หม้อใต้,บ้านหม้อ,ศรีเชียงใหม่,หนองคาย,17.95215,102.52845
478,หมู่ 2 หม้อ,บ้านหม้อ,ศรีเชียงใหม่,หนองคาย,17.95562,102.53285
479,หมู่ 3 ป่าสัก,บ้านหม้อ,ศรีเชียงใหม่,หนองคาย,17.9541771,102.5398419
480,หมู่ 4 ท่ากฐิน,บ้านหม้อ,ศรีเชียงใหม่,หนองคาย,17.9594577,102.4810542
481,หมู่ 5 ทุ่งสว่าง,บ้านหม้อ,ศรีเชียงใหม่,หนองคาย,17.9623443,102.5484475
482,หมู่ 6 ยางคำ,บ้านหม้อ,ศรีเชียงใหม่,หนองคาย,17.9450934,102.4781873
483,หมู่ 7 หม้อ,บ้านหม้อ,ศรีเชียงใหม่,หนองคาย,17.95784,102.53562
484,หมู่ 8 หม้อ,บ้านหม้อ,ศรีเชียงใหม่,หนองคาย,17.95345,102.53812
485,หมู่ 1 พระบาท,พระพุทธบาท,ศรีเชียงใหม่,หนองคาย,17.966766,102.4581209
486,หมู่ 10 ห้วยไฮ,พระพุทธบาท,ศรีเชียงใหม่,หนองคาย,17.9817467,102.4065379
487,หมู่ 2 สะพานพุทธ,พระพุทธบาท,ศรีเชียงใหม่,หนองคาย,17.9504173,102.440924
488,หมู่ 3 โคกซวก,พระพุทธบาท,ศรีเชียงใหม่,หนองคาย,17.9787165,102.4308936
489,หมู่ 4 ไทยเจริญ,พระพุทธบาท,ศรีเชียงใหม่,หนองคาย,17.9751843,102.4179988
490,หมู่ 5 วังน้ำมอก,พระพุทธบาท,ศรีเชียงใหม่,หนองคาย,17.9751166,102.3965106
491,หมู่ 6 ลุมพีนี,พระพุทธบาท,ศรีเชียงใหม่,หนองคาย,17.9584598,102.4065379
492,หมู่ 7 ไทรงาม,พระพุทธบาท,ศรีเชียงใหม่,หนองคาย,17.9624299,102.4351923
493,หมู่ 8 ปุดดู่,พระพุทธบาท,ศรีเชียงใหม่,หนองคาย,17.9488032,102.4208642
494,หมู่ 9 ห้วยช้างเผือก,พระพุทธบาท,ศรีเชียงใหม่,หนองคาย,17.9945686,102.4108356
495,หมู่ 1 ศรีเชียงใหม่,พานพร้าว,ศรีเชียงใหม่,หนองคาย,17.956,102.5852
496,หมู่ 10 พานพร้าว,พานพร้าว,ศรีเชียงใหม่,หนองคาย,17.9555,102.5785
497,หมู่ 11 หัวทราย,พานพร้าว,ศรีเชียงใหม่,หนองคาย,17.92215,102.60345
498,หมู่ 12 หัวทราย,พานพร้าว,ศรีเชียงใหม่,หนองคาย,17.92542,102.60825
499,หมู่ 13 ศรีเชียงใหม่,พานพร้าว,ศรีเชียงใหม่,หนองคาย,17.9568,102.5881
500,หมู่ 14 ศรีเชียงใหม่,พานพร้าว,ศรีเชียงใหม่,หนองคาย,17.9555,102.5831
501,หมู่ 15 โนนสง่า,พานพร้าว,ศรีเชียงใหม่,หนองคาย,17.93852,102.59542
502,หมู่ 2 ศรีเชียงใหม่,พานพร้าว,ศรีเชียงใหม่,หนองคาย,17.956,102.5898
503,หมู่ 3 ศรีเชียงใหม่,พานพร้าว,ศรีเชียงใหม่,หนองคาย,17.9554,102.5936
504,หมู่ 4 เจียมปรางค์,พานพร้าว,ศรีเชียงใหม่,หนองคาย,17.9592215,102.5666693
505,หมู่ 5 สะพานทอง,พานพร้าว,ศรีเชียงใหม่,หนองคาย,17.9482,102.6021
506,หมู่ 6 ยอยไฮ,พานพร้าว,ศรีเชียงใหม่,หนองคาย,17.943339,102.5498818
507,หมู่ 7 โนนสง่า,พานพร้าว,ศรีเชียงใหม่,หนองคาย,17.94125,102.59915
508,หมู่ 8 โนนสง่า,พานพร้าว,ศรีเชียงใหม่,หนองคาย,17.94385,102.60245
509,หมู่ 9 หนองแวง,พานพร้าว,ศรีเชียงใหม่,หนองคาย,17.9294536,102.5843111
510,หมู่ 1 หนองปลาบาก,หนองปลาปาก,ศรีเชียงใหม่,หนองคาย,17.91452,102.51685
511,หมู่ 10 ดอนก่อ,หนองปลาปาก,ศรีเชียงใหม่,หนองคาย,17.90562,102.52845
512,หมู่ 2 โนนสวรรค์,หนองปลาปาก,ศรีเชียงใหม่,หนองคาย,17.91845,102.52315
513,หมู่ 3 ดอนก่อ,หนองปลาปาก,ศรีเชียงใหม่,หนองคาย,17.90825,102.52562
514,หมู่ 4 นาโพธิ์,หนองปลาปาก,ศรีเชียงใหม่,หนองคาย,17.92154,102.51245
515,หมู่ 5 ขุมคำ,หนองปลาปาก,ศรีเชียงใหม่,หนองคาย,17.90215,102.51425
516,หมู่ 6 ไทยสามัคคี,หนองปลาปาก,ศรีเชียงใหม่,หนองคาย,17.91685,102.50852
517,หมู่ 7 เสียว,หนองปลาปาก,ศรีเชียงใหม่,หนองคาย,17.92542,102.52145
518,หมู่ 8 ดงบัง,หนองปลาปาก,ศรีเชียงใหม่,หนองคาย,17.91125,102.53415
519,หมู่ 9 จำปาทอง,หนองปลาปาก,ศรีเชียงใหม่,หนองคาย,17.9203033,102.5168772
520,หมู่ 1 ท่าสีไค,ดงบัง,บึงโขงหลง,บึงกาฬ,17.952197,104.043753
521,หมู่ 10 ดงบังใต้,ดงบัง,บึงโขงหลง,บึงกาฬ,18.029269,104.145419
522,หมู่ 11 ท่าสีไคเหนือ,ดงบัง,บึงโขงหลง,บึงกาฬ,18.058659,104.1481
523,หมู่ 2 ดงสรวง,ดงบัง,บึงโขงหลง,บึงกาฬ,18.044414,104.154539
524,หมู่ 3 เหล่าหลวง,ดงบัง,บึงโขงหลง,บึงกาฬ,18.035592,104.159592
525,หมู่ 4 ดงโทน,ดงบัง,บึงโขงหลง,บึงกาฬ,18.024375,104.160869
526,หมู่ 5 ดงบัง,ดงบัง,บึงโขงหลง,บึงกาฬ,18.034914,104.142633
527,หมู่ 6 โนนสวาท,ดงบัง,บึงโขงหลง,บึงกาฬ,18.026766,104.123687
528,หมู่ 7 โนนสมบูรณ์,ดงบัง,บึงโขงหลง,บึงกาฬ,18.051103,104.124476
529,หมู่ 8 ดงเรือ,ดงบัง,บึงโขงหลง,บึงกาฬ,18.034872,104.141125
530,หมู่ 9 เหล่าดอกไม้,ดงบัง,บึงโขงหลง,บึงกาฬ,18.036019,104.159747
531,หมู่ 1 ท่าดอกคำ,ท่าดอกคำ,บึงโขงหลง,บึงกาฬ,18.130571,104.088908
532,หมู่ 10 โชคอำนวย,ท่าดอกคำ,บึงโขงหลง,บึงกาฬ,18.1311,104.0653
533,หมู่ 11 หนองแสงพัฒนา,ท่าดอกคำ,บึงโขงหลง,บึงกาฬ,18.122846,104.063176
534,หมู่ 12 บ้านไทยเจริญใต้,ท่าดอกคำ,บึงโขงหลง,บึงกาฬ,18.10561,104.100393
535,หมู่ 13 บ้านหนองฮู,ท่าดอกคำ,บึงโขงหลง,บึงกาฬ,18.072682,104.129052
536,หมู่ 2 ท่าไร่,ท่าดอกคำ,บึงโขงหลง,บึงกาฬ,18.108301,104.104908
537,หมู่ 3 ไทยเจริญ,ท่าดอกคำ,บึงโขงหลง,บึงกาฬ,18.101291,104.099236
538,หมู่ 4 หนองแสง,ท่าดอกคำ,บึงโขงหลง,บึงกาฬ,18.122869,104.069264
539,หมู่ 5 โนนสา,ท่าดอกคำ,บึงโขงหลง,บึงกาฬ,18.147358,104.074945
540,หมู่ 6 เหล่าหมากผาง,ท่าดอกคำ,บึงโขงหลง,บึงกาฬ,18.161189,104.083243
541,หมู่ 7 ฝอยลม,ท่าดอกคำ,บึงโขงหลง,บึงกาฬ,18.077697,104.126835
542,หมู่ 8 หนองฮู,ท่าดอกคำ,บึงโขงหลง,บึงกาฬ,18.076039,104.12944
543,หมู่ 9 ท่าดอกคำเหนือ,ท่าดอกคำ,บึงโขงหลง,บึงกาฬ,18.126361,104.081541
544,หมู่ 1 ดอนกลาง,บึงโขงหลง,บึงโขงหลง,บึงกาฬ,17.95801,104.04134
545,หมู่ 10 โนนสวรรค์,บึงโขงหลง,บึงโขงหลง,บึงกาฬ,17.984976,104.046123
546,หมู่ 11 โนนสว่างเหนือ,บึงโขงหลง,บึงโขงหลง,บึงกาฬ,17.9685,104.0445
547,หมู่ 12 บึงโขงหลง,บึงโขงหลง,บึงโขงหลง,บึงกาฬ,17.960828,104.04224
548,หมู่ 13 สว่างพัฒนา,บึงโขงหลง,บึงโขงหลง,บึงกาฬ,17.958549,104.04636
549,หมู่ 14 โนนสวนปอเหนือ,บึงโขงหลง,บึงโขงหลง,บึงกาฬ,18.03957,104.04624
550,หมู่ 15 เทพบันดาล,บึงโขงหลง,บึงโขงหลง,บึงกาฬ,18.041606,104.038254
551,หมู่ 16 ห้วยหินลาด,บึงโขงหลง,บึงโขงหลง,บึงกาฬ,18.051233,104.07912
552,หมู่ 17 ทรายทอง,บึงโขงหลง,บึงโขงหลง,บึงกาฬ,17.97415,104.05232
553,หมู่ 2 โนนสว่าง,บึงโขงหลง,บึงโขงหลง,บึงกาฬ,17.957495,104.047122
554,หมู่ 3 คำสมบูรณ์,บึงโขงหลง,บึงโขงหลง,บึงกาฬ,17.983387,104.023344
555,หมู่ 4 โสกโพธิ์,บึงโขงหลง,บึงโขงหลง,บึงกาฬ,18.022228,104.032557
556,หมู่ 5 โสกพอก,บึงโขงหลง,บึงโขงหลง,บึงกาฬ,18.028584,104.029249
557,หมู่ 6 โนนสวนปอ,บึงโขงหลง,บึงโขงหลง,บึงกาฬ,18.038175,104.045511
558,หมู่ 7 นาขาม,บึงโขงหลง,บึงโขงหลง,บึงกาฬ,18.043551,104.03644
559,หมู่ 8 บึงเจริญ,บึงโขงหลง,บึงโขงหลง,บึงกาฬ,18.0001,104.01522
560,หมู่ 9 สระแก้ว,บึงโขงหลง,บึงโขงหลง,บึงกาฬ,17.96212,104.050021
561,หมู่ 1 โพธิ์หมากแข้ง,โพธิ์หมากแข้ง,บึงโขงหลง,บึงกาฬ,17.945639,104.046881
562,หมู่ 10 โนนจำปาทอง,โพธิ์หมากแข้ง,บึงโขงหลง,บึงกาฬ,17.940302,104.029235
563,หมู่ 11 โนนศิลา,โพธิ์หมากแข้ง,บึงโขงหลง,บึงกาฬ,17.921131,104.113445
564,หมู่ 12 นาสาร,โพธิ์หมากแข้ง,บึงโขงหลง,บึงกาฬ,17.923978,104.119493
565,หมู่ 13 โนนชมภู,โพธิ์หมากแข้ง,บึงโขงหลง,บึงกาฬ,17.986345,104.081135
566,หมู่ 14 บัวโคกใหม่,โพธิ์หมากแข้ง,บึงโขงหลง,บึงกาฬ,17.910165,104.063319
567,หมู่ 15 หนองบัวงาม,โพธิ์หมากแข้ง,บึงโขงหลง,บึงกาฬ,17.912414,104.059295
568,หมู่ 2 โนนหนามแท่ง,โพธิ์หมากแข้ง,บึงโขงหลง,บึงกาฬ,17.95409,104.049072
569,หมู่ 3 โนนสวรรค์,โพธิ์หมากแข้ง,บึงโขงหลง,บึงกาฬ,17.939691,104.054751
570,หมู่ 4 บัวโคก,โพธิ์หมากแข้ง,บึงโขงหลง,บึงกาฬ,17.914728,104.064371
571,หมู่ 5 นาอ่าง,โพธิ์หมากแข้ง,บึงโขงหลง,บึงกาฬ,17.95261,104.04736
572,หมู่ 6 ดงสว่าง,โพธิ์หมากแข้ง,บึงโขงหลง,บึงกาฬ,17.956087,104.057074
573,หมู่ 7 ดงชมภู,โพธิ์หมากแข้ง,บึงโขงหลง,บึงกาฬ,17.988883,104.084508
574,หมู่ 8 บัวโคกใต้,โพธิ์หมากแข้ง,บึงโขงหลง,บึงกาฬ,17.910968,104.065959
575,หมู่ 9 หนองสิม,โพธิ์หมากแข้ง,บึงโขงหลง,บึงกาฬ,17.94407,104.04854
576,ใหม่ภูเจริญ,โพธิ์หมากแข้ง,บึงโขงหลง,บึงกาฬ,18.001811,104.093572
577,หมู่ 1 โคกกว้าง,โคกกว้าง,บุ่งคล้า,บึงกาฬ,18.306297,103.811665
578,หมู่ 2 หนองบ่อ,โคกกว้าง,บุ่งคล้า,บึงกาฬ,18.172268,104.055402
579,หมู่ 3 หาดแฮ่,โคกกว้าง,บุ่งคล้า,บึงกาฬ,18.221112,104.052997
580,หมู่ 4 ท่าส้มโฮง,โคกกว้าง,บุ่งคล้า,บึงกาฬ,18.254153,104.028068
581,หมู่ 5 โนนไพศาล,โคกกว้าง,บุ่งคล้า,บึงกาฬ,18.243731,104.018812
582,หมู่ 6 ดอนใหญ่,โคกกว้าง,บุ่งคล้า,บึงกาฬ,18.17965,104.05845
583,หมู่ 7 ท่าศิริขันธ์,โคกกว้าง,บุ่งคล้า,บึงกาฬ,18.191298,104.065173
584,หมู่ 8 สมพร,โคกกว้าง,บุ่งคล้า,บึงกาฬ,18.227257,104.03162
585,หมู่ 9 บึงสำราญ,โคกกว้าง,บุ่งคล้า,บึงกาฬ,18.197696,104.052804
586,หมู่ 1 บุ่งคล้า,บุ่งคล้า,บุ่งคล้า,บึงกาฬ,18.296707,103.996854
587,หมู่ 2 บุ่งคล้าทุ่ง,บุ่งคล้า,บุ่งคล้า,บึงกาฬ,18.291983,103.99421
588,หมู่ 3 บุ่งคล้าเหนือ,บุ่งคล้า,บุ่งคล้า,บึงกาฬ,18.3017,103.9907
589,หมู่ 4 นาจาน,บุ่งคล้า,บุ่งคล้า,บึงกาฬ,18.276481,103.970389
590,หมู่ 5 ดอนจิก,บุ่งคล้า,บุ่งคล้า,บึงกาฬ,18.2892,103.9854
591,หมู่ 6 ดอนแพง,บุ่งคล้า,บุ่งคล้า,บึงกาฬ,18.2712,103.9922
592,หมู่ 7 ขามเปี้ย,บุ่งคล้า,บุ่งคล้า,บึงกาฬ,18.262253,103.978727
593,หมู่ 8 ซำบอน,บุ่งคล้า,บุ่งคล้า,บึงกาฬ,18.253889,103.984813
594,หมู่ 9 โนนสะอาด,บุ่งคล้า,บุ่งคล้า,บึงกาฬ,18.262708,104.004
595,หมู่ 1 หนองเดิ่นท่า,หนองเดิ่น,บุ่งคล้า,บึงกาฬ,18.3273,103.9729
596,หมู่ 2 หนองเดิ่นเหนือ,หนองเดิ่น,บุ่งคล้า,บึงกาฬ,18.3098,103.9678
597,หมู่ 3 หนองเดิ่นทุ่ง,หนองเดิ่น,บุ่งคล้า,บึงกาฬ,18.3088,103.9723
598,หมู่ 4 หนองคังคา,หนองเดิ่น,บุ่งคล้า,บึงกาฬ,18.321173,103.922814
599,หมู่ 5 ห้วยเล็บมือ,หนองเดิ่น,บุ่งคล้า,บึงกาฬ,18.310375,103.908664
600,หมู่ 6 ภูสวาท,หนองเดิ่น,บุ่งคล้า,บึงกาฬ,18.291149,103.909669
601,หมู่ 7 เทพมีชัย,หนองเดิ่น,บุ่งคล้า,บึงกาฬ,18.250442,103.872191
602,หมู่ 1 นากั้ง,นากั้ง,ปากคาด,บึงกาฬ,18.41972,103.298253
603,หมู่ 2 หนองบัว,นากั้ง,ปากคาด,บึงกาฬ,18.417033,103.29579
604,หมู่ 3 ท่ากลิ้ง,นากั้ง,ปากคาด,บึงกาฬ,18.408774,103.288559
605,หมู่ 4 ต้าย,นากั้ง,ปากคาด,บึงกาฬ,18.38393,103.265943
606,หมู่ 5 ศรีวิไล,นากั้ง,ปากคาด,บึงกาฬ,18.39423,103.277294
607,หมู่ 6 นากั้งพัฒนา,นากั้ง,ปากคาด,บึงกาฬ,18.397006,103.281315
608,หมู่ 7 สุขประเสริฐ,นากั้ง,ปากคาด,บึงกาฬ,18.362655,103.292587
609,หมู่ 1 ไร่,นาดง,ปากคาด,บึงกาฬ,18.284149,103.300509
610,หมู่ 2 โนนสำราญ,นาดง,ปากคาด,บึงกาฬ,18.280657,103.301703
611,หมู่ 3 นาดงใหญ่,นาดง,ปากคาด,บึงกาฬ,18.266764,103.303528
612,หมู่ 4 นาดงน้อย,นาดง,ปากคาด,บึงกาฬ,18.257073,103.304318
613,หมู่ 5 โสกบง,นาดง,ปากคาด,บึงกาฬ,18.256225,103.304895
614,หมู่ 6 ชัยเจริญ,นาดง,ปากคาด,บึงกาฬ,18.254018,103.306908
615,หมู่ 7 ดาลบังบด,นาดง,ปากคาด,บึงกาฬ,18.256545,103.336802
616,หมู่ 8 ห้วยมะยม,นาดง,ปากคาด,บึงกาฬ,18.25468,103.328695
617,หมู่ 1 โนนศิลา,โนนศิลา,ปากคาด,บึงกาฬ,18.3035,103.306318
618,หมู่ 10 โนนทรายทอง,โนนศิลา,ปากคาด,บึงกาฬ,18.274785,103.360227
619,หมู่ 11 ศรีสมบัติ,โนนศิลา,ปากคาด,บึงกาฬ,18.302368,103.35651
620,หมู่ 12 ชัยพร,โนนศิลา,ปากคาด,บึงกาฬ,18.303056,103.360183
621,หมู่ 2 หนองบัวบาน,โนนศิลา,ปากคาด,บึงกาฬ,18.301781,103.304921
622,หมู่ 3 โนนบก,โนนศิลา,ปากคาด,บึงกาฬ,18.301312,103.310646
623,หมู่ 4 โนนชัยศรี,โนนศิลา,ปากคาด,บึงกาฬ,18.3072,103.3151
624,หมู่ 5 ดอนเมืองใหม่,โนนศิลา,ปากคาด,บึงกาฬ,18.29776,103.303245
625,หมู่ 6 โนนก่อ,โนนศิลา,ปากคาด,บึงกาฬ,18.308422,103.310595
626,หมู่ 7 โนนเสถียร,โนนศิลา,ปากคาด,บึงกาฬ,18.307035,103.347153
627,หมู่ 8 พรสวรรค์,โนนศิลา,ปากคาด,บึงกาฬ,18.291108,103.384107
628,หมู่ 9 ทุ่งรวงทอง,โนนศิลา,ปากคาด,บึงกาฬ,18.29424,103.374608
629,หมู่ 1 ปากคาด,ปากคาด,ปากคาด,บึงกาฬ,18.305287,103.300791
630,หมู่ 10 โนนยาง,ปากคาด,ปากคาด,บึงกาฬ,18.323389,103.322872
631,หมู่ 11 ห้วยก้านเหลืองน้อย,ปากคาด,ปากคาด,บึงกาฬ,18.356386,103.334428
632,หมู่ 12 ห้วยก้านเหลือง,ปากคาด,ปากคาด,บึงกาฬ,18.354838,103.327083
633,หมู่ 13 ศรีรุ่งเรือง,ปากคาด,ปากคาด,บึงกาฬ,18.358093,103.323584
634,หมู่ 14 ห้วยน้ำคำ,ปากคาด,ปากคาด,บึงกาฬ,18.353215,103.2943
635,หมู่ 15 ทุ่งสว่าง,ปากคาด,ปากคาด,บึงกาฬ,18.310094,103.309067
636,หมู่ 16 ท่าสุขสันต์,ปากคาด,ปากคาด,บึงกาฬ,18.322161,103.297341
637,หมู่ 17 เมืองทอง,ปากคาด,ปากคาด,บึงกาฬ,18.356129,103.324747
638,หมู่ 18 สามพาดพัฒนา,ปากคาด,ปากคาด,บึงกาฬ,18.357565,103.321078
639,หมู่ 2 หนองมุม,ปากคาด,ปากคาด,บึงกาฬ,18.311124,103.307444
640,หมู่ 3 ปากคาดมวลชน,ปากคาด,ปากคาด,บึงกาฬ,18.305306,103.302473
641,หมู่ 4 ปากคาดพัฒนา,ปากคาด,ปากคาด,บึงกาฬ,18.306553,103.303003
642,หมู่ 5 ห้วยคาด,ปากคาด,ปากคาด,บึงกาฬ,18.306296,103.302397
643,หมู่ 6 ท่านาคูณ,ปากคาด,ปากคาด,บึงกาฬ,18.310612,103.302895
644,หมู่ 7 ท่าสวรรค์,ปากคาด,ปากคาด,บึงกาฬ,18.31513,103.301336
645,หมู่ 8 เวินโดน,ปากคาด,ปากคาด,บึงกาฬ,18.33786,103.263555
646,หมู่ 9 ห้วยไม้ซอด,ปากคาด,ปากคาด,บึงกาฬ,18.32606,103.320361
647,หมู่ 1 ศรีสว่างพัฒนา,สมสนุก,ปากคาด,บึงกาฬ,18.233444,103.359907
648,หมู่ 2 โนนบุญมี,สมสนุก,ปากคาด,บึงกาฬ,18.235097,103.368273
649,หมู่ 3 โนนถวัลย์,สมสนุก,ปากคาด,บึงกาฬ,18.24019,103.382353
650,หมู่ 4 สมสนุก,สมสนุก,ปากคาด,บึงกาฬ,18.240898,103.402121
651,หมู่ 5 โป่งไฮ,สมสนุก,ปากคาด,บึงกาฬ,18.235733,103.397653
652,หมู่ 6 ศรีสุขพัฒนา,สมสนุก,ปากคาด,บึงกาฬ,18.191878,103.402717
653,หมู่ 7 หนองแวงใน,สมสนุก,ปากคาด,บึงกาฬ,18.191423,103.403553
654,หมู่ 8 ปทุมรัตน์,สมสนุก,ปากคาด,บึงกาฬ,18.19698,103.42628
655,หมู่ 1 ดงบังใต้,หนองยอง,ปากคาด,บึงกาฬ,18.229082,103.348384
656,หมู่ 10 บะยาวใต้,หนองยอง,ปากคาด,บึงกาฬ,18.169657,103.367863
657,หมู่ 11 ห้วยแคน,หนองยอง,ปากคาด,บึงกาฬ,18.24631,103.332133
658,หมู่ 2 โสกแวง,หนองยอง,ปากคาด,บึงกาฬ,18.222805,103.346486
659,หมู่ 3 โคกก่อง,หนองยอง,ปากคาด,บึงกาฬ,18.211159,103.346105
660,หมู่ 4 หนองยอง,หนองยอง,ปากคาด,บึงกาฬ,18.195091,103.351805
661,หมู่ 5 เจริญสว่าง,หนองยอง,ปากคาด,บึงกาฬ,18.230268,103.346699
662,หมู่ 6 โคกสะอาด,หนองยอง,ปากคาด,บึงกาฬ,18.211343,103.343814
663,หมู่ 7 ห้วยเดือนห้า,หนองยอง,ปากคาด,บึงกาฬ,18.185522,103.359606
664,หมู่ 8 บะยาว,หนองยอง,ปากคาด,บึงกาฬ,18.174399,103.36644
665,หมู่ 9 บะยาวเหนือ,หนองยอง,ปากคาด,บึงกาฬ,18.179386,103.363626
666,หมู่ 1 คำนาดี,คำนาดี,เมืองบึงกาฬ,บึงกาฬ,18.20398,103.631465
667,หมู่ 2 ห้วยอีแฮต,คำนาดี,เมืองบึงกาฬ,บึงกาฬ,18.204678,103.635383
668,หมู่ 3 นาเจริญ,คำนาดี,เมืองบึงกาฬ,บึงกาฬ,18.205575,103.613294
669,หมู่ 4 ห้วยเรือใหญ่,คำนาดี,เมืองบึงกาฬ,บึงกาฬ,18.207114,103.610271
670,หมู่ 6 โนนอินทร์แปลง,คำนาดี,เมืองบึงกาฬ,บึงกาฬ,18.240236,103.566823
671,หมู่ 7 ชมภูทอง,คำนาดี,เมืองบึงกาฬ,บึงกาฬ,18.192641,103.65945
672,หมู่ 8 ห้วยภูสามัคคี,คำนาดี,เมืองบึงกาฬ,บึงกาฬ,18.190383,103.656783
673,หมู่ 1 โคกก่อง,โคกก่อง,เมืองบึงกาฬ,บึงกาฬ,18.309047,103.804612
674,หมู่ 2 โนนสา,โคกก่อง,เมืองบึงกาฬ,บึงกาฬ,18.305608,103.749215
675,หมู่ 3 นาคำ,โคกก่อง,เมืองบึงกาฬ,บึงกาฬ,18.28223,103.731839
676,หมู่ 4 ห้วยดอกไม้,โคกก่อง,เมืองบึงกาฬ,บึงกาฬ,18.337123,103.800691
677,หมู่ 5 ท่าอินทร์แปลง,โคกก่อง,เมืองบึงกาฬ,บึงกาฬ,18.324514,103.779542
678,หมู่ 6 โนนวังเยี่ยม,โคกก่อง,เมืองบึงกาฬ,บึงกาฬ,18.292224,103.700568
679,หมู่ 7 โคกก่องใต้,โคกก่อง,เมืองบึงกาฬ,บึงกาฬ,18.305921,103.813852
680,หมู่ 8 โนนไทรทอง,โคกก่อง,เมืองบึงกาฬ,บึงกาฬ,18.303294,103.80751
681,หมู่ 9 ไร่สุขสันต์,โคกก่อง,เมืองบึงกาฬ,บึงกาฬ,18.269393,103.780588
682,หมู่ 1 ท่าสะอาด,ไคสี,เมืองบึงกาฬ,บึงกาฬ,18.416341,103.516135
683,หมู่ 10 คำแสน,ไคสี,เมืองบึงกาฬ,บึงกาฬ,18.407512,103.540647
684,หมู่ 2 ดอนยม,ไคสี,เมืองบึงกาฬ,บึงกาฬ,18.403334,103.557732
685,หมู่ 3 อาฮง,ไคสี,เมืองบึงกาฬ,บึงกาฬ,18.421827,103.465027
686,หมู่ 4 โนนศิลา,ไคสี,เมืองบึงกาฬ,บึงกาฬ,18.418972,103.46878
687,หมู่ 5 ไคสี,ไคสี,เมืองบึงกาฬ,บึงกาฬ,18.421535,103.490333
688,หมู่ 6 ศิริพร,ไคสี,เมืองบึงกาฬ,บึงกาฬ,18.418948,103.490725
689,หมู่ 7 คำหมื่น,ไคสี,เมืองบึงกาฬ,บึงกาฬ,18.409792,103.531098
690,หมู่ 8 ห้วยเซื่อมเหนือ,ไคสี,เมืองบึงกาฬ,บึงกาฬ,18.414482,103.545766
691,หมู่ 9 โนนแพง,ไคสี,เมืองบึงกาฬ,บึงกาฬ,18.406544,103.545206
692,หมู่ 5 ดอนแก้ว,คำนาดี,เมืองบึงกาฬ,บึงกาฬ,18.22374,103.564669
693,หมู่ 1 ชัยพร,ชัยพร,เมืองบึงกาฬ,บึงกาฬ,18.349959,103.577959
694,หมู่ 10 ผาสวรรค์,ชัยพร,เมืองบึงกาฬ,บึงกาฬ,18.151781,103.903067
695,หมู่ 11 ใหม่ชัยพร,ชัยพร,เมืองบึงกาฬ,บึงกาฬ,18.273526,103.850827
696,หมู่ 12 โนนสง่า,ชัยพร,เมืองบึงกาฬ,บึงกาฬ,18.280044,103.831368
697,หมู่ 13 โนนอุทัยทอง,ชัยพร,เมืองบึงกาฬ,บึงกาฬ,18.224092,103.862057
698,หมู่ 2 ห้วยเซือมใต้,ชัยพร,เมืองบึงกาฬ,บึงกาฬ,18.288226,103.842275
699,หมู่ 3 โนนสุพรรณ,ชัยพร,เมืองบึงกาฬ,บึงกาฬ,18.265248,103.854095
700,หมู่ 4 หนองยาว,ชัยพร,เมืองบึงกาฬ,บึงกาฬ,18.228924,103.860828
701,หมู่ 5 คำภู,ชัยพร,เมืองบึงกาฬ,บึงกาฬ,18.182549,103.879155
702,หมู่ 6 นาต้อง,ชัยพร,เมืองบึงกาฬ,บึงกาฬ,18.149701,103.907359
703,หมู่ 7 บังบาตร,ชัยพร,เมืองบึงกาฬ,บึงกาฬ,18.281355,103.87461
704,หมู่ 8 กลาง,ชัยพร,เมืองบึงกาฬ,บึงกาฬ,18.285262,103.845828
705,หมู่ 9 โนนหัวอ่าง,ชัยพร,เมืองบึงกาฬ,บึงกาฬ,18.150326,103.902006
706,หมู่ 1 นาสวรรค์,นาสวรรค์,เมืองบึงกาฬ,บึงกาฬ,18.253961,103.606386
707,หมู่ 2 คำแคน,นาสวรรค์,เมืองบึงกาฬ,บึงกาฬ,18.253004,103.623203
708,หมู่ 3 โนนสวาท,นาสวรรค์,เมืองบึงกาฬ,บึงกาฬ,18.247488,103.618747
709,หมู่ 4 หนองแสง,นาสวรรค์,เมืองบึงกาฬ,บึงกาฬ,18.248184,103.617097
710,หมู่ 5 แสนสุข,นาสวรรค์,เมืองบึงกาฬ,บึงกาฬ,18.254852,103.620693
711,หมู่ 6 โคกสว่าง,นาสวรรค์,เมืองบึงกาฬ,บึงกาฬ,18.264463,103.614731
712,หมู่ 7 หนองตอ,นาสวรรค์,เมืองบึงกาฬ,บึงกาฬ,18.260132,103.551012
713,หมู่ 8 นาแวง,นาสวรรค์,เมืองบึงกาฬ,บึงกาฬ,18.260132,103.551012
714,หมู่ 9 ห้วยบอนพัฒนา,นาสวรรค์,เมืองบึงกาฬ,บึงกาฬ,18.253656,103.574553
715,หมู่ 1 โนนสมบูรณ์,โนนสมบูรณ์,เมืองบึงกาฬ,บึงกาฬ,18.297075,103.655156
716,หมู่ 10 หนองฆ้องคำ,โนนสมบูรณ์,เมืองบึงกาฬ,บึงกาฬ,18.269676,103.690151
717,หมู่ 11 โคกสะอาด,โนนสมบูรณ์,เมืองบึงกาฬ,บึงกาฬ,18.284744,103.681411
718,หมู่ 12 ดอนแก้ว,โนนสมบูรณ์,เมืองบึงกาฬ,บึงกาฬ,18.284744,103.681411
719,หมู่ 13 ทรายทอง,โนนสมบูรณ์,เมืองบึงกาฬ,บึงกาฬ,18.29607,103.655056
720,หมู่ 2 ดอนอุดม,โนนสมบูรณ์,เมืองบึงกาฬ,บึงกาฬ,18.268592,103.690255
721,หมู่ 3 โคกงาม,โนนสมบูรณ์,เมืองบึงกาฬ,บึงกาฬ,18.255619,103.700301
722,หมู่ 4 ทองสาย,โนนสมบูรณ์,เมืองบึงกาฬ,บึงกาฬ,18.238743,103.705989
723,หมู่ 5 กำแพงเพชร,โนนสมบูรณ์,เมืองบึงกาฬ,บึงกาฬ,18.2436,103.7059
724,หมู่ 6 โนนจำปา,โนนสมบูรณ์,เมืองบึงกาฬ,บึงกาฬ,18.227078,103.672955
725,หมู่ 7 ดงต้อง,โนนสมบูรณ์,เมืองบึงกาฬ,บึงกาฬ,18.296881,103.653633
726,หมู่ 8 โนนคำภู,โนนสมบูรณ์,เมืองบึงกาฬ,บึงกาฬ,18.259829,103.699565
727,หมู่ 9 โพธิ์ทอง,โนนสมบูรณ์,เมืองบึงกาฬ,บึงกาฬ,18.257795,103.701992
728,หมู่ 1 โนนสว่าง,โนนสว่าง,เมืองบึงกาฬ,บึงกาฬ,18.372977,103.483641
729,หมู่ 10 โนนงาม,โนนสว่าง,เมืองบึงกาฬ,บึงกาฬ,18.367429,103.489979
730,หมู่ 11 โนนดู่,โนนสว่าง,เมืองบึงกาฬ,บึงกาฬ,18.368833,103.482045
731,หมู่ 2 ชัยบาดาล,โนนสว่าง,เมืองบึงกาฬ,บึงกาฬ,18.388011,103.427633
732,หมู่ 3 สรรทวี,โนนสว่าง,เมืองบึงกาฬ,บึงกาฬ,18.368713,103.484035
733,หมู่ 4 นาดี,โนนสว่าง,เมืองบึงกาฬ,บึงกาฬ,18.367998,103.485573
734,หมู่ 5 ดอนปอ,โนนสว่าง,เมืองบึงกาฬ,บึงกาฬ,18.385303,103.429407
735,หมู่ 6 หนองดินดำ,โนนสว่าง,เมืองบึงกาฬ,บึงกาฬ,18.367968,103.49654
736,หมู่ 7 บูรพา,โนนสว่าง,เมืองบึงกาฬ,บึงกาฬ,18.370633,103.486182
737,หมู่ 8 หนองไฮ,โนนสว่าง,เมืองบึงกาฬ,บึงกาฬ,18.379426,103.438542
738,หมู่ 9 พรนิยม,โนนสว่าง,เมืองบึงกาฬ,บึงกาฬ,18.362823,103.485174
739,หมู่ 1 บึงกาฬกลาง,บึงกาฬ,เมืองบึงกาฬ,บึงกาฬ,18.364867,103.651572
740,หมู่ 10 แสนสำราญ,บึงกาฬ,เมืองบึงกาฬ,บึงกาฬ,18.342273,103.638663
741,หมู่ 11 แสนสุข,บึงกาฬ,เมืองบึงกาฬ,บึงกาฬ,18.247557,103.331464
742,หมู่ 2 ศรีโสภณ,บึงกาฬ,เมืองบึงกาฬ,บึงกาฬ,18.364851,103.660896
743,หมู่ 3 บึงกาฬใต้,บึงกาฬ,เมืองบึงกาฬ,บึงกาฬ,18.354119,103.670656
744,หมู่ 4 นาโนน,บึงกาฬ,เมืองบึงกาฬ,บึงกาฬ,18.350779,103.672788
745,หมู่ 5 ท่าไคร้,บึงกาฬ,เมืองบึงกาฬ,บึงกาฬ,18.338208,103.698115
746,หมู่ 6 ท่าโพธิ์,บึงกาฬ,เมืองบึงกาฬ,บึงกาฬ,18.338481,103.722697
747,หมู่ 7 ดงหมากยาง,บึงกาฬ,เมืองบึงกาฬ,บึงกาฬ,18.32327,103.71365
748,หมู่ 8 บึงสวรรค์,บึงกาฬ,เมืองบึงกาฬ,บึงกาฬ,18.356284,103.660885
749,หมู่ 9 แสนประเสริฐ,บึงกาฬ,เมืองบึงกาฬ,บึงกาฬ,18.312792,103.529952
750,หมู่ 1 ห้วยกกต้อง,โป่งเปือย,เมืองบึงกาฬ,บึงกาฬ,18.332445,103.532574
751,หมู่ 2 โป่งเปื่อย,โป่งเปือย,เมืองบึงกาฬ,บึงกาฬ,18.326076,103.521765
752,หมู่ 3 สมัยสำราญ,โป่งเปือย,เมืองบึงกาฬ,บึงกาฬ,18.320775,103.530821
753,หมู่ 4 โนนศรีทอง,โป่งเปือย,เมืองบึงกาฬ,บึงกาฬ,18.326203,103.519018
754,หมู่ 5 หนองบัวบาน,โป่งเปือย,เมืองบึงกาฬ,บึงกาฬ,18.35023,103.557902
755,หมู่ 7 หนองตะไก้,โป่งเปือย,เมืองบึงกาฬ,บึงกาฬ,18.345786,103.51538
756,หมู่ 7 หนองตะไก้,โป่งเปือย,เมืองบึงกาฬ,บึงกาฬ,18.349363,103.515125
757,หมู่ 1 บึงกาฬเหนือ,วิศิษฐ์,เมืองบึงกาฬ,บึงกาฬ,18.368427,103.650067
758,หมู่ 10 แสนเจริญ,วิศิษฐ์,เมืองบึงกาฬ,บึงกาฬ,18.399219,103.606294
759,หมู่ 11 ดอนเจริญ,วิศิษฐ์,เมืองบึงกาฬ,บึงกาฬ,18.339062,103.61839
760,หมู่ 12 นาสุขสันต์,วิศิษฐ์,เมืองบึงกาฬ,บึงกาฬ,18.364728,103.571018
761,หมู่ 13 จักรทิพย์สามัคคี,วิศิษฐ์,เมืองบึงกาฬ,บึงกาฬ,18.377477,103.624713
762,หมู่ 2 พันลำ,วิศิษฐ์,เมืองบึงกาฬ,บึงกาฬ,18.397131,103.612748
763,หมู่ 3 หนองแวง,วิศิษฐ์,เมืองบึงกาฬ,บึงกาฬ,18.361132,103.604332
764,หมู่ 4 นาป่าน,วิศิษฐ์,เมืองบึงกาฬ,บึงกาฬ,18.350972,103.674106
765,หมู่ 5 หนองนาแซง,วิศิษฐ์,เมืองบึงกาฬ,บึงกาฬ,18.343071,103.617135
766,หมู่ 6 เหล่าถาวร,วิศิษฐ์,เมืองบึงกาฬ,บึงกาฬ,18.317621,103.599944
767,หมู่ 7 วิศิษฐ์,วิศิษฐ์,เมืองบึงกาฬ,บึงกาฬ,18.355287,103.583245
768,หมู่ 8 ห้วยดอกไม้,วิศิษฐ์,เมืองบึงกาฬ,บึงกาฬ,18.349959,103.577959
769,หมู่ 9 นาเหนือ,วิศิษฐ์,เมืองบึงกาฬ,บึงกาฬ,18.344874,103.399043
770,หมู่ 1 นาเจริญ,หนองเลิง,เมืองบึงกาฬ,บึงกาฬ,18.34612,103.397643
771,หมู่ 10 เจริญสามัคคี,หนองเลิง,เมืองบึงกาฬ,บึงกาฬ,18.341223,103.400848
772,หมู่ 11 คำเจริญ,หนองเลิง,เมืองบึงกาฬ,บึงกาฬ,18.370674,103.397756
773,หมู่ 12 โนนสง่า,หนองเลิง,เมืองบึงกาฬ,บึงกาฬ,18.341411,103.397653
774,หมู่ 13 นาเจริญกลาง,หนองเลิง,เมืองบึงกาฬ,บึงกาฬ,18.353337,103.414552
775,หมู่ 2 สุขสำราญ,หนองเลิง,เมืองบึงกาฬ,บึงกาฬ,18.285148,103.399597
776,หมู่ 3 โนนมณี,หนองเลิง,เมืองบึงกาฬ,บึงกาฬ,18.343152,103.40218
777,หมู่ 4 หนองเลิง,หนองเลิง,เมืองบึงกาฬ,บึงกาฬ,18.363517,103.401261
778,หมู่ 5 หนองหมู,หนองเลิง,เมืองบึงกาฬ,บึงกาฬ,18.29181,103.414279
779,หมู่ 6 คลองเค็ม,หนองเลิง,เมืองบึงกาฬ,บึงกาฬ,18.292573,103.416275
780,หมู่ 7 นาล้อม,หนองเลิง,เมืองบึงกาฬ,บึงกาฬ,18.344522,103.391526
781,หมู่ 8 นาเจริญเหนือ,หนองเลิง,เมืองบึงกาฬ,บึงกาฬ,18.352631,103.361632
782,หมู่ 9 สรรเสริญ,หนองเลิง,เมืองบึงกาฬ,บึงกาฬ,18.434139,103.435246
783,หมู่ 1 หอคำ,หอคำ,เมืองบึงกาฬ,บึงกาฬ,18.3913,103.316607
784,หมู่ 10 วังด่าน,หอคำ,เมืองบึงกาฬ,บึงกาฬ,18.428067,103.412419
785,หมู่ 11 ไทยเจริญ,หอคำ,เมืองบึงกาฬ,บึงกาฬ,18.375781,103.340081
786,หมู่ 12 สมประสงค์,หอคำ,เมืองบึงกาฬ,บึงกาฬ,18.437494,103.428315
787,หมู่ 13 หอคำเหนือ,หอคำ,เมืองบึงกาฬ,บึงกาฬ,18.39035,103.339196
788,หมู่ 14 เจริญรัตน์,หอคำ,เมืองบึงกาฬ,บึงกาฬ,18.443895,103.415226
789,หมู่ 2 สะง้อ,หอคำ,เมืองบึงกาฬ,บึงกาฬ,18.430057,103.339569
790,หมู่ 3 หนองแข็ง,หอคำ,เมืองบึงกาฬ,บึงกาฬ,18.387091,103.337973
791,หมู่ 4 โคกสะอาด,หอคำ,เมืองบึงกาฬ,บึงกาฬ,18.429819,103.37379
792,หมู่ 5 โนนยาง,หอคำ,เมืองบึงกาฬ,บึงกาฬ,18.410793,103.381782
793,หมู่ 6 ม่วงมีชัย,หอคำ,เมืองบึงกาฬ,บึงกาฬ,18.414867,103.381928
794,หมู่ 7 หนองบัวทอง,หอคำ,เมืองบึงกาฬ,บึงกาฬ,18.415924,103.33228
795,หมู่ 8 หนองแสง,หอคำ,เมืองบึงกาฬ,บึงกาฬ,18.393284,103.354128
796,หมู่ 9 นาโซ่,หอคำ,เมืองบึงกาฬ,บึงกาฬ,18.393284,103.354128